DriverNumber,Team,FastestFPLap,MeanFPLaps,StdFPLaps,DeltaBestFPLap,TrackTempAvgFP,AirTempAvgFP,RainAvgFP,GP,FastestLapRace,Year,TrackTempAvgRace,AirTempAvgRace,RainAvgRace,FasterThanTeammateRace,PointFinishRace,FasterThanTeammateFP
1,Red Bull Racing,76.002,77.20128571428572,0.6268396273109647,-0.08099999999998886,41.343333333333334,25.840416666666666,0.0,Australian Grand Prix,82.167,2025,18.942134831460674,15.707865168539326,0.3258426966292135,1.0,1.0,1.0
4,McLaren,76.58,77.44108333333334,0.6114713754997502,-0.6589999999999918,41.343333333333334,25.840416666666666,0.0,Australian Grand Prix,82.167,2025,18.942134831460674,15.707865168539326,0.3258426966292135,1.0,1.0,0.0
5,Kick Sauber,76.707,77.830125,0.57163787433567,-0.7859999999999872,41.343333333333334,25.840416666666666,0.0,Australian Grand Prix,82.167,2025,18.942134831460674,15.707865168539326,0.3258426966292135,0.0,0.0,1.0
6,Racing Bulls,76.732,77.69389999999999,0.6062104337604214,-0.8109999999999928,41.343333333333334,25.840416666666666,0.0,Australian Grand Prix,82.167,2025,18.942134831460674,15.707865168539326,0.3258426966292135,0.0,0.0,0.0
7,Alpine,76.993,77.6779,0.5090880965019714,-1.0719999999999885,41.343333333333334,25.840416666666666,0.0,Australian Grand Prix,82.167,2025,18.942134831460674,15.707865168539326,0.3258426966292135,0.0,0.0,0.0
10,Alpine,76.719,77.77438461538462,0.6377459752864632,-0.7979999999999876,41.343333333333334,25.840416666666666,0.0,Australian Grand Prix,82.167,2025,18.942134831460674,15.707865168539326,0.3258426966292135,1.0,0.0,1.0
12,Mercedes,76.206,77.20514285714286,0.7308969887496205,-0.2849999999999966,41.343333333333334,25.840416666666666,0.0,Australian Grand Prix,82.167,2025,18.942134831460674,15.707865168539326,0.3258426966292135,0.0,1.0,0.0
14,Aston Martin,77.27,78.0784,0.5025680451441396,-1.3489999999999895,41.343333333333334,25.840416666666666,0.0,Australian Grand Prix,82.167,2025,18.942134831460674,15.707865168539326,0.3258426966292135,0.0,0.0,0.0
16,Ferrari,76.188,77.06507142857143,0.6313512113244221,-0.2669999999999959,41.343333333333334,25.840416666666666,0.0,Australian Grand Prix,82.167,2025,18.942134831460674,15.707865168539326,0.3258426966292135,1.0,1.0,1.0
18,Aston Martin,76.948,78.09671428571427,0.5668886799982916,-1.0269999999999868,41.343333333333334,25.840416666666666,0.0,Australian Grand Prix,82.167,2025,18.942134831460674,15.707865168539326,0.3258426966292135,1.0,1.0,1.0
22,Racing Bulls,76.455,77.32300000000001,0.5833894496817722,-0.5339999999999918,41.343333333333334,25.840416666666666,0.0,Australian Grand Prix,82.167,2025,18.942134831460674,15.707865168539326,0.3258426966292135,1.0,0.0,1.0
23,Williams,76.258,77.28745454545457,0.5572904194136554,-0.3369999999999891,41.343333333333334,25.840416666666666,0.0,Australian Grand Prix,82.167,2025,18.942134831460674,15.707865168539326,0.3258426966292135,1.0,1.0,0.0
27,Kick Sauber,77.146,77.823375,0.6621234661111177,-1.2249999999999943,41.343333333333334,25.840416666666666,0.0,Australian Grand Prix,82.167,2025,18.942134831460674,15.707865168539326,0.3258426966292135,1.0,1.0,0.0
30,Red Bull Racing,77.64,78.6473,0.5642972709485666,-1.718999999999994,41.343333333333334,25.840416666666666,0.0,Australian Grand Prix,82.167,2025,18.942134831460674,15.707865168539326,0.3258426966292135,0.0,0.0,0.0
31,Haas F1 Team,77.373,78.30680000000001,0.49400805661446284,-1.4519999999999982,41.343333333333334,25.840416666666666,0.0,Australian Grand Prix,82.167,2025,18.942134831460674,15.707865168539326,0.3258426966292135,1.0,0.0,1.0
44,Ferrari,76.378,77.33766666666666,0.5988045498231357,-0.45699999999999363,41.343333333333334,25.840416666666666,0.0,Australian Grand Prix,82.167,2025,18.942134831460674,15.707865168539326,0.3258426966292135,0.0,1.0,0.0
55,Williams,76.252,77.21175000000001,0.5392980198059945,-0.33099999999998886,41.343333333333334,25.840416666666666,0.0,Australian Grand Prix,82.167,2025,18.942134831460674,15.707865168539326,0.3258426966292135,0.0,0.0,1.0
63,Mercedes,75.96,77.03233333333333,0.6320518614445769,-0.03899999999998727,41.343333333333334,25.840416666666666,0.0,Australian Grand Prix,82.167,2025,18.942134831460674,15.707865168539326,0.3258426966292135,1.0,1.0,1.0
81,McLaren,75.921,76.957,0.6243446341742842,0.0,41.343333333333334,25.840416666666666,0.0,Australian Grand Prix,82.167,2025,18.942134831460674,15.707865168539326,0.3258426966292135,0.0,1.0,1.0
87,Haas F1 Team,79.312,80.09266666666667,0.6681323887440956,-3.390999999999991,41.343333333333334,25.840416666666666,0.0,Australian Grand Prix,82.167,2025,18.942134831460674,15.707865168539326,0.3258426966292135,0.0,0.0,0.0
1,Red Bull Racing,93.284,93.6165,0.332499999999996,-1.7800000000000011,36.15243902439025,22.764634146341464,0.0,Chinese Grand Prix,95.069,2025,35.81688311688312,27.21558441558442,0.0,1.0,1.0,1.0
4,McLaren,91.504,92.34233333333334,0.7692863937153375,0.0,36.15243902439025,22.764634146341464,0.0,Chinese Grand Prix,95.069,2025,35.81688311688312,27.21558441558442,0.0,0.0,1.0,1.0
5,Kick Sauber,93.822,94.70675,0.7691798798070565,-2.317999999999998,36.15243902439025,22.764634146341464,0.0,Chinese Grand Prix,95.069,2025,35.81688311688312,27.21558441558442,0.0,1.0,0.0,0.0
6,Racing Bulls,93.385,94.38624999999999,0.6811546722294418,-1.8810000000000002,36.15243902439025,22.764634146341464,0.0,Chinese Grand Prix,95.069,2025,35.81688311688312,27.21558441558442,0.0,1.0,0.0,0.0
7,Alpine,93.923,94.365,0.3279306329088507,-2.418999999999997,36.15243902439025,22.764634146341464,0.0,Chinese Grand Prix,95.069,2025,35.81688311688312,27.21558441558442,0.0,1.0,0.0,0.0
10,Alpine,93.123,93.868,0.4599010763196765,-1.6189999999999998,36.15243902439025,22.764634146341464,0.0,Chinese Grand Prix,95.069,2025,35.81688311688312,27.21558441558442,0.0,0.0,0.0,1.0
12,Mercedes,92.874,93.42866666666667,0.5585160894927054,-1.3699999999999903,36.15243902439025,22.764634146341464,0.0,Chinese Grand Prix,95.069,2025,35.81688311688312,27.21558441558442,0.0,0.0,1.0,0.0
14,Aston Martin,92.766,93.67625000000001,0.5965217410120089,-1.2620000000000005,36.15243902439025,22.764634146341464,0.0,Chinese Grand Prix,95.069,2025,35.81688311688312,27.21558441558442,0.0,0.0,0.0,1.0
16,Ferrari,91.958,92.69239999999999,0.6631957780323985,-0.4539999999999935,36.15243902439025,22.764634146341464,0.0,Chinese Grand Prix,95.069,2025,35.81688311688312,27.21558441558442,0.0,1.0,0.0,1.0
18,Aston Martin,92.984,93.957,0.7876026917170874,-1.4799999999999898,36.15243902439025,22.764634146341464,0.0,Chinese Grand Prix,95.069,2025,35.81688311688312,27.21558441558442,0.0,1.0,1.0,0.0
22,Racing Bulls,92.934,93.605,0.5771695302653023,-1.4299999999999926,36.15243902439025,22.764634146341464,0.0,Chinese Grand Prix,95.069,2025,35.81688311688312,27.21558441558442,0.0,0.0,0.0,1.0
23,Williams,92.687,93.661,0.6782171481170309,-1.1829999999999927,36.15243902439025,22.764634146341464,0.0,Chinese Grand Prix,95.069,2025,35.81688311688312,27.21558441558442,0.0,1.0,1.0,1.0
27,Kick Sauber,92.507,93.67949999999999,0.7232262785601716,-1.0030000000000001,36.15243902439025,22.764634146341464,0.0,Chinese Grand Prix,95.069,2025,35.81688311688312,27.21558441558442,0.0,0.0,0.0,1.0
30,Red Bull Racing,93.631,93.9525,0.32150000000000034,-2.1269999999999953,36.15243902439025,22.764634146341464,0.0,Chinese Grand Prix,95.069,2025,35.81688311688312,27.21558441558442,0.0,0.0,0.0,0.0
31,Haas F1 Team,93.056,93.87780000000001,0.695002273377578,-1.5519999999999925,36.15243902439025,22.764634146341464,0.0,Chinese Grand Prix,95.069,2025,35.81688311688312,27.21558441558442,0.0,1.0,1.0,0.0
44,Ferrari,92.195,92.86333333333333,0.4730781002000559,-0.6909999999999883,36.15243902439025,22.764634146341464,0.0,Chinese Grand Prix,95.069,2025,35.81688311688312,27.21558441558442,0.0,0.0,0.0,0.0
55,Williams,93.145,93.9565,0.6648588196000741,-1.6409999999999911,36.15243902439025,22.764634146341464,0.0,Chinese Grand Prix,95.069,2025,35.81688311688312,27.21558441558442,0.0,0.0,1.0,0.0
63,Mercedes,92.377,92.85525,0.4099380288531421,-0.8729999999999905,36.15243902439025,22.764634146341464,0.0,Chinese Grand Prix,95.069,2025,35.81688311688312,27.21558441558442,0.0,1.0,1.0,1.0
81,McLaren,92.153,92.9305,0.4776458764956853,-0.6490000000000009,36.15243902439025,22.764634146341464,0.0,Chinese Grand Prix,95.069,2025,35.81688311688312,27.21558441558442,0.0,1.0,1.0,0.0
87,Haas F1 Team,92.967,93.58733333333333,0.5268879282056927,-1.4629999999999939,36.15243902439025,22.764634146341464,0.0,Chinese Grand Prix,95.069,2025,35.81688311688312,27.21558441558442,0.0,0.0,1.0,1.0
1,Red Bull Racing,88.497,89.21857142857144,0.636433108850268,-0.5319999999999965,35.721645021645024,13.799134199134198,0.0,Japanese Grand Prix,90.965,2025,20.514285714285716,14.429999999999998,0.0,1.0,1.0,1.0
4,McLaren,87.965,88.5305,0.49765240546657147,0.0,35.721645021645024,13.799134199134198,0.0,Japanese Grand Prix,90.965,2025,20.514285714285716,14.429999999999998,0.0,1.0,1.0,1.0
5,Kick Sauber,89.335,90.31016666666666,0.5637083810702934,-1.3699999999999903,35.721645021645024,13.799134199134198,0.0,Japanese Grand Prix,90.965,2025,20.514285714285716,14.429999999999998,0.0,0.0,0.0,0.0
6,Racing Bulls,88.518,89.65755555555558,0.6399012269459379,-0.5529999999999973,35.721645021645024,13.799134199134198,0.0,Japanese Grand Prix,90.965,2025,20.514285714285716,14.429999999999998,0.0,1.0,1.0,1.0
10,Alpine,88.603,89.69618181818181,0.634520838282618,-0.637999999999991,35.721645021645024,13.799134199134198,0.0,Japanese Grand Prix,90.965,2025,20.514285714285716,14.429999999999998,0.0,1.0,0.0,1.0
12,Mercedes,89.126,90.117375,0.7344911397525467,-1.1610000000000014,35.721645021645024,13.799134199134198,0.0,Japanese Grand Prix,90.965,2025,20.514285714285716,14.429999999999998,0.0,0.0,1.0,0.0
14,Aston Martin,89.222,90.16254545454545,0.46093114524965484,-1.2569999999999908,35.721645021645024,13.799134199134198,0.0,Japanese Grand Prix,90.965,2025,20.514285714285716,14.429999999999998,0.0,1.0,0.0,1.0
16,Ferrari,88.414,89.07977777777778,0.589770346599754,-0.44899999999999807,35.721645021645024,13.799134199134198,0.0,Japanese Grand Prix,90.965,2025,20.514285714285716,14.429999999999998,0.0,1.0,1.0,1.0
18,Aston Martin,89.758,90.64377777777777,0.5718035361473551,-1.7929999999999922,35.721645021645024,13.799134199134198,0.0,Japanese Grand Prix,90.965,2025,20.514285714285716,14.429999999999998,0.0,0.0,0.0,0.0
22,Red Bull Racing,88.785,89.78399999999999,0.6469486069233001,-0.8199999999999932,35.721645021645024,13.799134199134198,0.0,Japanese Grand Prix,90.965,2025,20.514285714285716,14.429999999999998,0.0,0.0,0.0,0.0
23,Williams,88.554,89.58442857142857,0.5966661802149053,-0.5889999999999986,35.721645021645024,13.799134199134198,0.0,Japanese Grand Prix,90.965,2025,20.514285714285716,14.429999999999998,0.0,1.0,1.0,1.0
27,Kick Sauber,89.062,90.13824999999999,0.6904655585183075,-1.0969999999999942,35.721645021645024,13.799134199134198,0.0,Japanese Grand Prix,90.965,2025,20.514285714285716,14.429999999999998,0.0,1.0,0.0,1.0
30,Racing Bulls,88.559,89.553,0.6720809475055797,-0.5939999999999941,35.721645021645024,13.799134199134198,0.0,Japanese Grand Prix,90.965,2025,20.514285714285716,14.429999999999998,0.0,0.0,0.0,0.0
31,Haas F1 Team,89.507,90.34499999999998,0.516185044339719,-1.5420000000000016,35.721645021645024,13.799134199134198,0.0,Japanese Grand Prix,90.965,2025,20.514285714285716,14.429999999999998,0.0,0.0,0.0,1.0
44,Ferrari,88.524,89.2514,0.6147917045634228,-0.5589999999999975,35.721645021645024,13.799134199134198,0.0,Japanese Grand Prix,90.965,2025,20.514285714285716,14.429999999999998,0.0,0.0,1.0,0.0
55,Williams,88.832,89.80527272727274,0.6689097086656072,-0.8669999999999902,35.721645021645024,13.799134199134198,0.0,Japanese Grand Prix,90.965,2025,20.514285714285716,14.429999999999998,0.0,0.0,0.0,0.0
62,Alpine,89.394,90.502,0.7448103785528191,-1.429000000000002,35.721645021645024,13.799134199134198,0.0,Japanese Grand Prix,90.965,2025,20.514285714285716,14.429999999999998,0.0,,,0.0
63,Mercedes,88.077,89.03972727272728,0.54687011768777,-0.11199999999999477,35.721645021645024,13.799134199134198,0.0,Japanese Grand Prix,90.965,2025,20.514285714285716,14.429999999999998,0.0,1.0,1.0,1.0
81,McLaren,87.991,88.82155555555556,0.700136353562823,-0.02599999999999625,35.721645021645024,13.799134199134198,0.0,Japanese Grand Prix,90.965,2025,20.514285714285716,14.429999999999998,0.0,0.0,1.0,0.0
87,Haas F1 Team,89.654,90.54233333333335,0.5537223532100245,-1.688999999999993,35.721645021645024,13.799134199134198,0.0,Japanese Grand Prix,90.965,2025,20.514285714285716,14.429999999999998,0.0,1.0,1.0,0.0
7,Alpine,89.767,90.66149999999999,0.7131565396180591,-1.8019999999999925,35.721645021645024,13.799134199134198,0.0,Japanese Grand Prix,90.965,2025,20.514285714285716,14.429999999999998,0.0,0.0,0.0,0.0
4,McLaren,90.659,91.4865,0.8274999999999935,-0.15400000000001057,41.41297071129706,32.06987447698745,0.0,Bahrain Grand Prix,95.14,2025,31.870253164556964,27.052531645569626,0.0,0.0,1.0,0.0
5,Kick Sauber,91.772,93.00466666666667,0.8717248546543912,-1.2670000000000101,41.41297071129706,32.06987447698745,0.0,Bahrain Grand Prix,95.14,2025,31.870253164556964,27.052531645569626,0.0,1.0,0.0,1.0
6,Racing Bulls,91.238,92.343,0.788257572117134,-0.7330000000000041,41.41297071129706,32.06987447698745,0.0,Bahrain Grand Prix,95.14,2025,31.870253164556964,27.052531645569626,0.0,1.0,0.0,1.0
7,Alpine,91.788,92.8912,0.7276233641108553,-1.2830000000000013,41.41297071129706,32.06987447698745,0.0,Bahrain Grand Prix,95.14,2025,31.870253164556964,27.052531645569626,0.0,0.0,0.0,1.0
10,Alpine,91.947,93.01344444444445,0.5726022686164388,-1.4420000000000073,41.41297071129706,32.06987447698745,0.0,Bahrain Grand Prix,95.14,2025,31.870253164556964,27.052531645569626,0.0,1.0,1.0,0.0
12,Mercedes,91.227,92.1835,0.6075666630090869,-0.7220000000000084,41.41297071129706,32.06987447698745,0.0,Bahrain Grand Prix,95.14,2025,31.870253164556964,27.052531645569626,0.0,0.0,0.0,0.0
18,Aston Martin,92.382,93.41783333333335,0.7058929136601063,-1.8770000000000095,41.41297071129706,32.06987447698745,0.0,Bahrain Grand Prix,95.14,2025,31.870253164556964,27.052531645569626,0.0,0.0,0.0,0.0
22,Red Bull Racing,92.024,92.90933333333334,0.6848169260628844,-1.5190000000000055,41.41297071129706,32.06987447698745,0.0,Bahrain Grand Prix,95.14,2025,31.870253164556964,27.052531645569626,0.0,0.0,1.0,0.0
23,Williams,91.696,92.71533333333333,0.7438213644566987,-1.1910000000000025,41.41297071129706,32.06987447698745,0.0,Bahrain Grand Prix,95.14,2025,31.870253164556964,27.052531645569626,0.0,1.0,0.0,0.0
27,Kick Sauber,92.496,93.39720000000001,0.6937415657144962,-1.9909999999999997,41.41297071129706,32.06987447698745,0.0,Bahrain Grand Prix,95.14,2025,31.870253164556964,27.052531645569626,0.0,0.0,0.0,0.0
30,Racing Bulls,91.706,92.88300000000001,0.6831994584306984,-1.2010000000000076,41.41297071129706,32.06987447698745,0.0,Bahrain Grand Prix,95.14,2025,31.870253164556964,27.052531645569626,0.0,0.0,0.0,0.0
31,Haas F1 Team,91.87,92.76920000000001,0.7086814234901331,-1.365000000000009,41.41297071129706,32.06987447698745,0.0,Bahrain Grand Prix,95.14,2025,31.870253164556964,27.052531645569626,0.0,1.0,1.0,0.0
34,Aston Martin,95.198,95.85066666666667,0.91806475201311,-4.692999999999998,41.41297071129706,32.06987447698745,0.0,Bahrain Grand Prix,95.14,2025,31.870253164556964,27.052531645569626,0.0,,,0.0
37,Red Bull Racing,95.475,96.16099999999999,0.5458310178067952,-4.969999999999999,41.41297071129706,32.06987447698745,0.0,Bahrain Grand Prix,95.14,2025,31.870253164556964,27.052531645569626,0.0,,,0.0
38,Ferrari,95.055,95.73333333333335,0.5483626132000163,-4.550000000000011,41.41297071129706,32.06987447698745,0.0,Bahrain Grand Prix,95.14,2025,31.870253164556964,27.052531645569626,0.0,,,0.0
44,Ferrari,91.576,92.18974999999999,0.5705152824421124,-1.070999999999998,41.41297071129706,32.06987447698745,0.0,Bahrain Grand Prix,95.14,2025,31.870253164556964,27.052531645569626,0.0,0.0,1.0,0.0
46,Williams,94.885,95.094,0.20899999999999608,-4.38000000000001,41.41297071129706,32.06987447698745,0.0,Bahrain Grand Prix,95.14,2025,31.870253164556964,27.052531645569626,0.0,,,0.0
50,Haas F1 Team,95.261,95.40299999999999,0.142000000000003,-4.756,41.41297071129706,32.06987447698745,0.0,Bahrain Grand Prix,95.14,2025,31.870253164556964,27.052531645569626,0.0,,,0.0
72,Mercedes,95.325,95.938,0.7525906368449377,-4.820000000000007,41.41297071129706,32.06987447698745,0.0,Bahrain Grand Prix,95.14,2025,31.870253164556964,27.052531645569626,0.0,,,0.0
81,McLaren,90.505,91.0755,0.5705000000000027,0.0,41.41297071129706,32.06987447698745,0.0,Bahrain Grand Prix,95.14,2025,31.870253164556964,27.052531645569626,0.0,1.0,1.0,1.0
1,Red Bull Racing,91.33,92.24433333333333,0.6990251942685787,-0.8250000000000028,41.41297071129706,32.06987447698745,0.0,Bahrain Grand Prix,95.14,2025,31.870253164556964,27.052531645569626,0.0,1.0,1.0,1.0
14,Aston Martin,91.825,92.77300000000001,0.7139696538835987,-1.3200000000000074,41.41297071129706,32.06987447698745,0.0,Bahrain Grand Prix,95.14,2025,31.870253164556964,27.052531645569626,0.0,1.0,0.0,1.0
16,Ferrari,91.045,91.9322,0.6138421295414634,-0.5400000000000063,41.41297071129706,32.06987447698745,0.0,Bahrain Grand Prix,95.14,2025,31.870253164556964,27.052531645569626,0.0,1.0,1.0,1.0
55,Williams,91.623,92.753,0.8200613798165728,-1.1180000000000092,41.41297071129706,32.06987447698745,0.0,Bahrain Grand Prix,95.14,2025,31.870253164556964,27.052531645569626,0.0,0.0,0.0,1.0
63,Mercedes,91.032,92.08675,0.6871544131416192,-0.527000000000001,41.41297071129706,32.06987447698745,0.0,Bahrain Grand Prix,95.14,2025,31.870253164556964,27.052531645569626,0.0,1.0,1.0,1.0
87,Haas F1 Team,91.584,91.584,0.0,-1.0790000000000077,41.41297071129706,32.06987447698745,0.0,Bahrain Grand Prix,95.14,2025,31.870253164556964,27.052531645569626,0.0,0.0,1.0,1.0
1,Red Bull Racing,88.334,89.1662222222222,0.6479574364926843,-0.8449999999999989,44.25247933884297,29.016942148760325,0.0,Saudi Arabian Grand Prix,91.778,2025,37.819718309859155,29.483802816901402,0.0,1.0,1.0,1.0
4,McLaren,87.489,88.64030000000001,0.6549993969462853,0.0,44.25247933884297,29.016942148760325,0.0,Saudi Arabian Grand Prix,91.778,2025,37.819718309859155,29.483802816901402,0.0,0.0,1.0,1.0
5,Kick Sauber,89.41,90.78866666666666,0.6188994712839538,-1.9209999999999923,44.25247933884297,29.016942148760325,0.0,Saudi Arabian Grand Prix,91.778,2025,37.819718309859155,29.483802816901402,0.0,0.0,0.0,0.0
6,Racing Bulls,88.769,89.57475000000001,0.5392484932755931,-1.2800000000000011,44.25247933884297,29.016942148760325,0.0,Saudi Arabian Grand Prix,91.778,2025,37.819718309859155,29.483802816901402,0.0,1.0,1.0,1.0
7,Alpine,88.898,89.95953846153846,0.5585378735708243,-1.4089999999999918,44.25247933884297,29.016942148760325,0.0,Saudi Arabian Grand Prix,91.778,2025,37.819718309859155,29.483802816901402,0.0,1.0,0.0,0.0
10,Alpine,88.625,89.45219999999999,0.5553974792884839,-1.1359999999999957,44.25247933884297,29.016942148760325,0.0,Saudi Arabian Grand Prix,91.778,2025,37.819718309859155,29.483802816901402,0.0,0.0,0.0,1.0
12,Mercedes,88.679,89.63183333333332,0.5650072025106296,-1.1899999999999977,44.25247933884297,29.016942148760325,0.0,Saudi Arabian Grand Prix,91.778,2025,37.819718309859155,29.483802816901402,0.0,0.0,1.0,0.0
14,Aston Martin,88.888,89.94918181818181,0.5057167403671762,-1.399000000000001,44.25247933884297,29.016942148760325,0.0,Saudi Arabian Grand Prix,91.778,2025,37.819718309859155,29.483802816901402,0.0,1.0,0.0,1.0
16,Ferrari,88.372,88.96927272727272,0.3908401419108915,-0.8829999999999956,44.25247933884297,29.016942148760325,0.0,Saudi Arabian Grand Prix,91.778,2025,37.819718309859155,29.483802816901402,0.0,1.0,1.0,1.0
18,Aston Martin,89.478,90.37341666666667,0.4627935930004033,-1.98899999999999,44.25247933884297,29.016942148760325,0.0,Saudi Arabian Grand Prix,91.778,2025,37.819718309859155,29.483802816901402,0.0,0.0,0.0,0.0
22,Red Bull Racing,88.67,89.64050000000002,0.608791220370335,-1.1809999999999974,44.25247933884297,29.016942148760325,0.0,Saudi Arabian Grand Prix,91.778,2025,37.819718309859155,29.483802816901402,0.0,0.0,0.0,0.0
23,Williams,88.389,89.53133333333332,0.6268779785572319,-0.8999999999999915,44.25247933884297,29.016942148760325,0.0,Saudi Arabian Grand Prix,91.778,2025,37.819718309859155,29.483802816901402,0.0,0.0,1.0,1.0
27,Kick Sauber,89.193,89.83522222222221,0.551736808789154,-1.7039999999999935,44.25247933884297,29.016942148760325,0.0,Saudi Arabian Grand Prix,91.778,2025,37.819718309859155,29.483802816901402,0.0,1.0,0.0,1.0
30,Racing Bulls,88.861,89.762625,0.6031925350789732,-1.3719999999999999,44.25247933884297,29.016942148760325,0.0,Saudi Arabian Grand Prix,91.778,2025,37.819718309859155,29.483802816901402,0.0,0.0,0.0,0.0
31,Haas F1 Team,89.336,90.24325,0.6086868550412419,-1.8469999999999942,44.25247933884297,29.016942148760325,0.0,Saudi Arabian Grand Prix,91.778,2025,37.819718309859155,29.483802816901402,0.0,0.0,0.0,0.0
44,Ferrari,88.78,89.75972727272726,0.5200360286310758,-1.2909999999999968,44.25247933884297,29.016942148760325,0.0,Saudi Arabian Grand Prix,91.778,2025,37.819718309859155,29.483802816901402,0.0,0.0,1.0,0.0
55,Williams,88.57,89.576,0.5763351648322566,-1.0809999999999889,44.25247933884297,29.016942148760325,0.0,Saudi Arabian Grand Prix,91.778,2025,37.819718309859155,29.483802816901402,0.0,1.0,1.0,0.0
63,Mercedes,88.116,89.068,0.5929133579200248,-0.6269999999999953,44.25247933884297,29.016942148760325,0.0,Saudi Arabian Grand Prix,91.778,2025,37.819718309859155,29.483802816901402,0.0,1.0,1.0,1.0
81,McLaren,87.513,88.70960000000001,0.6361622748953277,-0.02400000000000091,44.25247933884297,29.016942148760325,0.0,Saudi Arabian Grand Prix,91.778,2025,37.819718309859155,29.483802816901402,0.0,1.0,1.0,0.0
87,Haas F1 Team,88.989,90.0096,0.6132393007627599,-1.5,44.25247933884297,29.016942148760325,0.0,Saudi Arabian Grand Prix,91.778,2025,37.819718309859155,29.483802816901402,0.0,1.0,0.0,1.0
1,Red Bull Racing,87.558,88.266,0.5007620858917557,-0.4300000000000068,41.64358974358975,27.873076923076926,0.0,Miami Grand Prix,89.746,2025,38.69060402684564,26.573154362416112,0.03355704697986577,1.0,1.0,1.0
4,McLaren,88.391,89.4705,0.7714915748081747,-1.2630000000000052,41.64358974358975,27.873076923076926,0.0,Miami Grand Prix,89.746,2025,38.69060402684564,26.573154362416112,0.03355704697986577,0.0,1.0,0.0
5,Kick Sauber,88.771,89.456,0.6850000000000023,-1.6430000000000007,41.64358974358975,27.873076923076926,0.0,Miami Grand Prix,89.746,2025,38.69060402684564,26.573154362416112,0.03355704697986577,0.0,0.0,0.0
6,Racing Bulls,87.968,88.79825,0.5733081086989784,-0.8400000000000034,41.64358974358975,27.873076923076926,0.0,Miami Grand Prix,89.746,2025,38.69060402684564,26.573154362416112,0.03355704697986577,1.0,0.0,1.0
7,Alpine,89.357,90.05850000000001,0.5571110751008277,-2.228999999999999,41.64358974358975,27.873076923076926,0.0,Miami Grand Prix,89.746,2025,38.69060402684564,26.573154362416112,0.03355704697986577,0.0,0.0,0.0
10,Alpine,89.084,89.3922,0.4092683227419356,-1.956000000000003,41.64358974358975,27.873076923076926,0.0,Miami Grand Prix,89.746,2025,38.69060402684564,26.573154362416112,0.03355704697986577,1.0,0.0,1.0
12,Mercedes,88.227,88.71066666666667,0.3609915357579546,-1.0990000000000038,41.64358974358975,27.873076923076926,0.0,Miami Grand Prix,89.746,2025,38.69060402684564,26.573154362416112,0.03355704697986577,0.0,1.0,0.0
14,Aston Martin,88.243,89.1836,0.7395924823847262,-1.1149999999999949,41.64358974358975,27.873076923076926,0.0,Miami Grand Prix,89.746,2025,38.69060402684564,26.573154362416112,0.03355704697986577,1.0,0.0,1.0
16,Ferrari,87.484,88.44875,0.6064195639159442,-0.35599999999999454,41.64358974358975,27.873076923076926,0.0,Miami Grand Prix,89.746,2025,38.69060402684564,26.573154362416112,0.03355704697986577,1.0,1.0,1.0
18,Aston Martin,89.362,89.9416,0.38717055673178746,-2.2339999999999947,41.64358974358975,27.873076923076926,0.0,Miami Grand Prix,89.746,2025,38.69060402684564,26.573154362416112,0.03355704697986577,0.0,0.0,0.0
22,Red Bull Racing,88.155,89.00666666666666,0.6349615911393565,-1.027000000000001,41.64358974358975,27.873076923076926,0.0,Miami Grand Prix,89.746,2025,38.69060402684564,26.573154362416112,0.03355704697986577,0.0,1.0,0.0
23,Williams,87.955,88.62875,0.4764894411212071,-0.8269999999999982,41.64358974358975,27.873076923076926,0.0,Miami Grand Prix,89.746,2025,38.69060402684564,26.573154362416112,0.03355704697986577,1.0,1.0,0.0
27,Kick Sauber,88.573,89.60066666666665,0.7852533915169632,-1.4449999999999932,41.64358974358975,27.873076923076926,0.0,Miami Grand Prix,89.746,2025,38.69060402684564,26.573154362416112,0.03355704697986577,1.0,0.0,1.0
30,Racing Bulls,88.374,89.177,0.5976727086513735,-1.2459999999999951,41.64358974358975,27.873076923076926,0.0,Miami Grand Prix,89.746,2025,38.69060402684564,26.573154362416112,0.03355704697986577,0.0,0.0,0.0
31,Haas F1 Team,89.179,89.84666666666668,0.5294502389796006,-2.051000000000002,41.64358974358975,27.873076923076926,0.0,Miami Grand Prix,89.746,2025,38.69060402684564,26.573154362416112,0.03355704697986577,1.0,0.0,0.0
44,Ferrari,88.556,89.0758,0.336013333068794,-1.4279999999999973,41.64358974358975,27.873076923076926,0.0,Miami Grand Prix,89.746,2025,38.69060402684564,26.573154362416112,0.03355704697986577,0.0,1.0,0.0
55,Williams,87.678,88.495,0.5666475977183695,-0.5499999999999972,41.64358974358975,27.873076923076926,0.0,Miami Grand Prix,89.746,2025,38.69060402684564,26.573154362416112,0.03355704697986577,0.0,1.0,1.0
63,Mercedes,88.058,88.78133333333334,0.7400150148626852,-0.9300000000000068,41.64358974358975,27.873076923076926,0.0,Miami Grand Prix,89.746,2025,38.69060402684564,26.573154362416112,0.03355704697986577,1.0,1.0,1.0
81,McLaren,87.128,88.28375,0.6968222065204277,0.0,41.64358974358975,27.873076923076926,0.0,Miami Grand Prix,89.746,2025,38.69060402684564,26.573154362416112,0.03355704697986577,1.0,1.0,1.0
87,Haas F1 Team,88.996,89.6125,0.616500000000002,-1.867999999999995,41.64358974358975,27.873076923076926,0.0,Miami Grand Prix,89.746,2025,38.69060402684564,26.573154362416112,0.03355704697986577,0.0,0.0,1.0
1,Red Bull Racing,75.078,75.8791,0.6828676958240157,-0.18099999999999739,38.81148936170213,20.324255319148936,0.0,Emilia Romagna Grand Prix,77.988,2025,42.664,23.964666666666666,0.0,1.0,1.0,1.0
4,McLaren,74.897,75.61749999999999,0.5183505088258308,0.0,38.81148936170213,20.324255319148936,0.0,Emilia Romagna Grand Prix,77.988,2025,42.664,23.964666666666666,0.0,1.0,1.0,1.0
5,Kick Sauber,76.046,76.93341666666667,0.5163744536563453,-1.149000000000001,38.81148936170213,20.324255319148936,0.0,Emilia Romagna Grand Prix,77.988,2025,42.664,23.964666666666666,0.0,0.0,0.0,1.0
6,Racing Bulls,75.508,76.221,0.4996287510631152,-0.61099999999999,38.81148936170213,20.324255319148936,0.0,Emilia Romagna Grand Prix,77.988,2025,42.664,23.964666666666666,0.0,1.0,1.0,1.0
10,Alpine,75.569,76.50054545454545,0.4694583655925127,-0.671999999999997,38.81148936170213,20.324255319148936,0.0,Emilia Romagna Grand Prix,77.988,2025,42.664,23.964666666666666,0.0,1.0,0.0,1.0
12,Mercedes,75.399,76.4365,0.5244754522377562,-0.5019999999999953,38.81148936170213,20.324255319148936,0.0,Emilia Romagna Grand Prix,77.988,2025,42.664,23.964666666666666,0.0,0.0,0.0,1.0
14,Aston Martin,75.819,76.73659999999998,0.5926606448887939,-0.921999999999997,38.81148936170213,20.324255319148936,0.0,Emilia Romagna Grand Prix,77.988,2025,42.664,23.964666666666666,0.0,1.0,0.0,1.0
16,Ferrari,75.451,76.318,0.6460007036303514,-0.5539999999999878,38.81148936170213,20.324255319148936,0.0,Emilia Romagna Grand Prix,77.988,2025,42.664,23.964666666666666,0.0,0.0,1.0,1.0
18,Aston Martin,75.975,76.883625,0.5080033064606981,-1.0779999999999887,38.81148936170213,20.324255319148936,0.0,Emilia Romagna Grand Prix,77.988,2025,42.664,23.964666666666666,0.0,0.0,0.0,0.0
22,Red Bull Racing,75.827,76.77909090909093,0.5711367380529103,-0.9299999999999926,38.81148936170213,20.324255319148936,0.0,Emilia Romagna Grand Prix,77.988,2025,42.664,23.964666666666666,0.0,0.0,1.0,0.0
23,Williams,75.732,76.34721428571427,0.469942272833503,-0.8349999999999937,38.81148936170213,20.324255319148936,0.0,Emilia Romagna Grand Prix,77.988,2025,42.664,23.964666666666666,0.0,1.0,1.0,0.0
27,Kick Sauber,76.238,77.15233333333333,0.6417827600606855,-1.340999999999994,38.81148936170213,20.324255319148936,0.0,Emilia Romagna Grand Prix,77.988,2025,42.664,23.964666666666666,0.0,1.0,0.0,0.0
30,Racing Bulls,75.977,77.02083333333333,0.6130152028203613,-1.0799999999999983,38.81148936170213,20.324255319148936,0.0,Emilia Romagna Grand Prix,77.988,2025,42.664,23.964666666666666,0.0,0.0,0.0,0.0
31,Haas F1 Team,76.387,77.02530000000002,0.5682045494362048,-1.4899999999999949,38.81148936170213,20.324255319148936,0.0,Emilia Romagna Grand Prix,77.988,2025,42.664,23.964666666666666,0.0,0.0,0.0,0.0
43,Alpine,76.044,76.8921,0.5112542322563219,-1.1469999999999914,38.81148936170213,20.324255319148936,0.0,Emilia Romagna Grand Prix,77.988,2025,42.664,23.964666666666666,0.0,0.0,0.0,0.0
44,Ferrari,75.787,76.76350000000002,0.6602739420660405,-0.8900000000000006,38.81148936170213,20.324255319148936,0.0,Emilia Romagna Grand Prix,77.988,2025,42.664,23.964666666666666,0.0,1.0,1.0,0.0
55,Williams,75.457,76.25615384615385,0.5758290139046836,-0.5599999999999881,38.81148936170213,20.324255319148936,0.0,Emilia Romagna Grand Prix,77.988,2025,42.664,23.964666666666666,0.0,0.0,1.0,1.0
63,Mercedes,75.662,76.33557142857141,0.5956300043154462,-0.7650000000000006,38.81148936170213,20.324255319148936,0.0,Emilia Romagna Grand Prix,77.988,2025,42.664,23.964666666666666,0.0,1.0,1.0,0.0
81,McLaren,74.997,75.91827272727272,0.5598443112978468,-0.09999999999999432,38.81148936170213,20.324255319148936,0.0,Emilia Romagna Grand Prix,77.988,2025,42.664,23.964666666666666,0.0,0.0,1.0,0.0
87,Haas F1 Team,75.944,76.868,0.6562028819063666,-1.046999999999997,38.81148936170213,20.324255319148936,0.0,Emilia Romagna Grand Prix,77.988,2025,42.664,23.964666666666666,0.0,1.0,0.0,1.0
1,Red Bull Racing,71.233,72.05457142857144,0.5923549508150514,-0.28000000000000114,38.903404255319145,21.92127659574468,0.0,Monaco Grand Prix,73.221,2025,43.317499999999995,22.209375,0.0,1.0,1.0,1.0
4,McLaren,71.247,72.17758823529412,0.5595350021983629,-0.29399999999999693,38.903404255319145,21.92127659574468,0.0,Monaco Grand Prix,73.221,2025,43.317499999999995,22.209375,0.0,1.0,1.0,1.0
5,Kick Sauber,72.234,73.16226666666665,0.5806681745100987,-1.2809999999999917,38.903404255319145,21.92127659574468,0.0,Monaco Grand Prix,73.221,2025,43.317499999999995,22.209375,0.0,1.0,0.0,0.0
6,Racing Bulls,71.842,72.93678947368421,0.5335685798122695,-0.8889999999999958,38.903404255319145,21.92127659574468,0.0,Monaco Grand Prix,73.221,2025,43.317499999999995,22.209375,0.0,1.0,1.0,0.0
10,Alpine,72.194,73.083,0.5920449307273897,-1.2409999999999997,38.903404255319145,21.92127659574468,0.0,Monaco Grand Prix,73.221,2025,43.317499999999995,22.209375,0.0,0.0,0.0,1.0
12,Mercedes,72.002,72.84526315789473,0.5966418163887889,-1.0489999999999924,38.903404255319145,21.92127659574468,0.0,Monaco Grand Prix,73.221,2025,43.317499999999995,22.209375,0.0,0.0,0.0,1.0
14,Aston Martin,71.89,72.77815384615384,0.5554342509249778,-0.9369999999999976,38.903404255319145,21.92127659574468,0.0,Monaco Grand Prix,73.221,2025,43.317499999999995,22.209375,0.0,0.0,0.0,1.0
16,Ferrari,70.953,71.87461111111111,0.5757801604865138,0.0,38.903404255319145,21.92127659574468,0.0,Monaco Grand Prix,73.221,2025,43.317499999999995,22.209375,0.0,1.0,1.0,1.0
18,Aston Martin,72.202,72.77023076923078,0.38779517865971036,-1.2489999999999952,38.903404255319145,21.92127659574468,0.0,Monaco Grand Prix,73.221,2025,43.317499999999995,22.209375,0.0,1.0,0.0,0.0
22,Red Bull Racing,71.952,72.83392307692307,0.6244827350620146,-0.9989999999999952,38.903404255319145,21.92127659574468,0.0,Monaco Grand Prix,73.221,2025,43.317499999999995,22.209375,0.0,0.0,0.0,0.0
23,Williams,71.668,72.29585714285714,0.46324166126838456,-0.7150000000000034,38.903404255319145,21.92127659574468,0.0,Monaco Grand Prix,73.221,2025,43.317499999999995,22.209375,0.0,1.0,1.0,1.0
27,Kick Sauber,72.125,73.0906875,0.6170140515772314,-1.171999999999997,38.903404255319145,21.92127659574468,0.0,Monaco Grand Prix,73.221,2025,43.317499999999995,22.209375,0.0,0.0,0.0,1.0
30,Racing Bulls,71.814,72.9851875,0.6237884475876032,-0.86099999999999,38.903404255319145,21.92127659574468,0.0,Monaco Grand Prix,73.221,2025,43.317499999999995,22.209375,0.0,0.0,1.0,1.0
31,Haas F1 Team,72.499,73.315,0.5476631639762444,-1.5459999999999923,38.903404255319145,21.92127659574468,0.0,Monaco Grand Prix,73.221,2025,43.317499999999995,22.209375,0.0,1.0,1.0,0.0
43,Alpine,72.851,73.91105263157893,0.5438414507424992,-1.8979999999999961,38.903404255319145,21.92127659574468,0.0,Monaco Grand Prix,73.221,2025,43.317499999999995,22.209375,0.0,1.0,0.0,0.0
44,Ferrari,71.46,72.37921428571427,0.7025446786576681,-0.5069999999999908,38.903404255319145,21.92127659574468,0.0,Monaco Grand Prix,73.221,2025,43.317499999999995,22.209375,0.0,0.0,1.0,0.0
55,Williams,71.893,72.75078571428571,0.5085150901780353,-0.9399999999999977,38.903404255319145,21.92127659574468,0.0,Monaco Grand Prix,73.221,2025,43.317499999999995,22.209375,0.0,0.0,1.0,0.0
63,Mercedes,72.066,72.65829411764705,0.45081817969317434,-1.1129999999999995,38.903404255319145,21.92127659574468,0.0,Monaco Grand Prix,73.221,2025,43.317499999999995,22.209375,0.0,1.0,0.0,0.0
81,McLaren,71.393,72.30536842105262,0.5537418371052208,-0.4399999999999977,38.903404255319145,21.92127659574468,0.0,Monaco Grand Prix,73.221,2025,43.317499999999995,22.209375,0.0,0.0,1.0,0.0
87,Haas F1 Team,72.251,72.87500000000001,0.6428928111798015,-1.2980000000000018,38.903404255319145,21.92127659574468,0.0,Monaco Grand Prix,73.221,2025,43.317499999999995,22.209375,0.0,0.0,0.0,1.0
1,Red Bull Racing,73.07,73.77828571428572,0.3985555040341537,-0.6829999999999927,47.15545023696682,30.17345971563981,0.0,Spanish Grand Prix,75.743,2025,48.54322580645161,29.12,0.0,1.0,1.0,1.0
4,McLaren,72.913,73.66114285714286,0.4968421504351068,-0.5259999999999962,47.15545023696682,30.17345971563981,0.0,Spanish Grand Prix,75.743,2025,48.54322580645161,29.12,0.0,0.0,1.0,0.0
5,Kick Sauber,73.722,74.6824,0.6933955869487488,-1.3349999999999937,47.15545023696682,30.17345971563981,0.0,Spanish Grand Prix,75.743,2025,48.54322580645161,29.12,0.0,0.0,0.0,0.0
6,Racing Bulls,73.382,74.412375,0.6341961324188272,-0.9950000000000045,47.15545023696682,30.17345971563981,0.0,Spanish Grand Prix,75.743,2025,48.54322580645161,29.12,0.0,1.0,1.0,1.0
10,Alpine,73.385,74.36942857142857,0.4873047908482657,-0.9980000000000047,47.15545023696682,30.17345971563981,0.0,Spanish Grand Prix,75.743,2025,48.54322580645161,29.12,0.0,1.0,1.0,1.0
12,Mercedes,73.298,73.86283333333334,0.4251264191063902,-0.9110000000000014,47.15545023696682,30.17345971563981,0.0,Spanish Grand Prix,75.743,2025,48.54322580645161,29.12,0.0,0.0,0.0,0.0
14,Aston Martin,73.301,74.0715,0.5507093153379545,-0.9140000000000015,47.15545023696682,30.17345971563981,0.0,Spanish Grand Prix,75.743,2025,48.54322580645161,29.12,0.0,1.0,1.0,1.0
16,Ferrari,73.13,74.033,0.5277724678095462,-0.742999999999995,47.15545023696682,30.17345971563981,0.0,Spanish Grand Prix,75.743,2025,48.54322580645161,29.12,0.0,1.0,1.0,1.0
18,Aston Martin,73.839,74.7088,0.6281696904499615,-1.4519999999999982,47.15545023696682,30.17345971563981,0.0,Spanish Grand Prix,75.743,2025,48.54322580645161,29.12,0.0,,,0.0
22,Red Bull Racing,73.683,74.539,0.557035905485454,-1.2960000000000065,47.15545023696682,30.17345971563981,0.0,Spanish Grand Prix,75.743,2025,48.54322580645161,29.12,0.0,0.0,0.0,0.0
27,Kick Sauber,73.592,74.466,0.542957772627984,-1.2049999999999983,47.15545023696682,30.17345971563981,0.0,Spanish Grand Prix,75.743,2025,48.54322580645161,29.12,0.0,1.0,1.0,1.0
30,Racing Bulls,73.494,74.29185714285714,0.4982433222465354,-1.1069999999999993,47.15545023696682,30.17345971563981,0.0,Spanish Grand Prix,75.743,2025,48.54322580645161,29.12,0.0,0.0,0.0,0.0
43,Alpine,74.085,75.34181818181818,0.7414101819177021,-1.6979999999999933,47.15545023696682,30.17345971563981,0.0,Spanish Grand Prix,75.743,2025,48.54322580645161,29.12,0.0,0.0,0.0,0.0
44,Ferrari,73.527,74.11042857142857,0.4387830108518834,-1.1400000000000006,47.15545023696682,30.17345971563981,0.0,Spanish Grand Prix,75.743,2025,48.54322580645161,29.12,0.0,0.0,1.0,0.0
45,Williams,75.522,76.3694,0.6717688888300811,-3.135000000000005,47.15545023696682,30.17345971563981,0.0,Spanish Grand Prix,75.743,2025,48.54322580645161,29.12,0.0,,,0.0
50,Haas F1 Team,75.298,75.298,0.0,-2.9110000000000014,47.15545023696682,30.17345971563981,0.0,Spanish Grand Prix,75.743,2025,48.54322580645161,29.12,0.0,,,0.0
55,Williams,73.721,74.41022222222222,0.46787409934672214,-1.3340000000000032,47.15545023696682,30.17345971563981,0.0,Spanish Grand Prix,75.743,2025,48.54322580645161,29.12,0.0,1.0,0.0,1.0
63,Mercedes,73.046,73.69933333333334,0.6349043672519162,-0.659000000000006,47.15545023696682,30.17345971563981,0.0,Spanish Grand Prix,75.743,2025,48.54322580645161,29.12,0.0,1.0,1.0,1.0
81,McLaren,72.387,73.5596,0.8237855546196461,0.0,47.15545023696682,30.17345971563981,0.0,Spanish Grand Prix,75.743,2025,48.54322580645161,29.12,0.0,1.0,1.0,1.0
87,Haas F1 Team,74.126,74.75083333333333,0.3876688521004587,-1.7390000000000043,47.15545023696682,30.17345971563981,0.0,Spanish Grand Prix,75.743,2025,48.54322580645161,29.12,0.0,0.0,0.0,0.0
23,Williams,73.839,74.657,0.5167943498143166,-1.4519999999999982,47.15545023696682,30.17345971563981,0.0,Spanish Grand Prix,75.743,2025,48.54322580645161,29.12,0.0,0.0,0.0,0.0
31,Haas F1 Team,74.005,74.76849999999999,0.6988749888213193,-1.617999999999995,47.15545023696682,30.17345971563981,0.0,Spanish Grand Prix,75.743,2025,48.54322580645161,29.12,0.0,1.0,0.0,1.0
1,Red Bull Racing,72.072,72.91239999999999,0.5405515454915779,-0.27299999999999613,42.026250000000005,18.71625,0.0,Canadian Grand Prix,74.119,2025,49.25329341317366,24.036526946107788,0.005988023952095809,1.0,1.0,1.0
10,Alpine,72.684,73.53964285714287,0.5390725643100736,-0.8849999999999909,42.026250000000005,18.71625,0.0,Canadian Grand Prix,74.119,2025,49.25329341317366,24.036526946107788,0.005988023952095809,0.0,0.0,1.0
12,Mercedes,72.348,73.35724999999998,0.6741891580508655,-0.5489999999999924,42.026250000000005,18.71625,0.0,Canadian Grand Prix,74.119,2025,49.25329341317366,24.036526946107788,0.005988023952095809,0.0,1.0,0.0
14,Aston Martin,72.247,73.06192307692308,0.5228066949042313,-0.4479999999999933,42.026250000000005,18.71625,0.0,Canadian Grand Prix,74.119,2025,49.25329341317366,24.036526946107788,0.005988023952095809,1.0,1.0,1.0
16,Ferrari,71.877,72.55420000000001,0.44693552107658857,-0.07799999999998875,42.026250000000005,18.71625,0.0,Canadian Grand Prix,74.119,2025,49.25329341317366,24.036526946107788,0.005988023952095809,1.0,1.0,1.0
18,Aston Martin,72.794,73.52219999999998,0.5491722498451679,-0.9949999999999903,42.026250000000005,18.71625,0.0,Canadian Grand Prix,74.119,2025,49.25329341317366,24.036526946107788,0.005988023952095809,0.0,0.0,0.0
22,Red Bull Racing,72.939,73.86749999999999,0.5403405561927286,-1.1399999999999864,42.026250000000005,18.71625,0.0,Canadian Grand Prix,74.119,2025,49.25329341317366,24.036526946107788,0.005988023952095809,0.0,0.0,0.0
23,Williams,72.445,73.21492307692307,0.5864014720228244,-0.6459999999999866,42.026250000000005,18.71625,0.0,Canadian Grand Prix,74.119,2025,49.25329341317366,24.036526946107788,0.005988023952095809,0.0,0.0,1.0
27,Kick Sauber,72.914,73.7567142857143,0.7039289157062271,-1.1149999999999949,42.026250000000005,18.71625,0.0,Canadian Grand Prix,74.119,2025,49.25329341317366,24.036526946107788,0.005988023952095809,1.0,1.0,0.0
30,Racing Bulls,72.751,73.62612500000002,0.5294426166970315,-0.9519999999999982,42.026250000000005,18.71625,0.0,Canadian Grand Prix,74.119,2025,49.25329341317366,24.036526946107788,0.005988023952095809,0.0,0.0,0.0
31,Haas F1 Team,72.827,73.72540000000001,0.6595674137897753,-1.0279999999999916,42.026250000000005,18.71625,0.0,Canadian Grand Prix,74.119,2025,49.25329341317366,24.036526946107788,0.005988023952095809,1.0,1.0,0.0
4,McLaren,71.799,72.76453846153848,0.5698427064192111,0.0,42.026250000000005,18.71625,0.0,Canadian Grand Prix,74.119,2025,49.25329341317366,24.036526946107788,0.005988023952095809,0.0,0.0,1.0
43,Alpine,73.06,74.15885714285714,0.6832816672022544,-1.2609999999999957,42.026250000000005,18.71625,0.0,Canadian Grand Prix,74.119,2025,49.25329341317366,24.036526946107788,0.005988023952095809,1.0,0.0,0.0
44,Ferrari,72.05,72.95363636363638,0.4820481440926223,-0.25099999999999056,42.026250000000005,18.71625,0.0,Canadian Grand Prix,74.119,2025,49.25329341317366,24.036526946107788,0.005988023952095809,0.0,1.0,0.0
5,Kick Sauber,72.896,73.93658333333333,0.648981054979437,-1.0969999999999942,42.026250000000005,18.71625,0.0,Canadian Grand Prix,74.119,2025,49.25329341317366,24.036526946107788,0.005988023952095809,0.0,0.0,1.0
55,Williams,72.519,73.17435714285715,0.5713683584347379,-0.7199999999999989,42.026250000000005,18.71625,0.0,Canadian Grand Prix,74.119,2025,49.25329341317366,24.036526946107788,0.005988023952095809,1.0,1.0,0.0
6,Racing Bulls,72.651,73.48816666666666,0.6545141752136111,-0.8519999999999897,42.026250000000005,18.71625,0.0,Canadian Grand Prix,74.119,2025,49.25329341317366,24.036526946107788,0.005988023952095809,1.0,0.0,1.0
63,Mercedes,71.95,72.86718181818182,0.6503197560615605,-0.15099999999999625,42.026250000000005,18.71625,0.0,Canadian Grand Prix,74.119,2025,49.25329341317366,24.036526946107788,0.005988023952095809,1.0,1.0,1.0
81,McLaren,72.519,73.34,0.7511949528204088,-0.7199999999999989,42.026250000000005,18.71625,0.0,Canadian Grand Prix,74.119,2025,49.25329341317366,24.036526946107788,0.005988023952095809,1.0,1.0,0.0
87,Haas F1 Team,72.825,73.7048125,0.5855099506786795,-1.0259999999999962,42.026250000000005,18.71625,0.0,Canadian Grand Prix,74.119,2025,49.25329341317366,24.036526946107788,0.005988023952095809,0.0,0.0,1.0
1,Red Bull Racing,64.534,65.59419999999999,0.5336811407572878,-0.21000000000000796,37.311344537815124,24.676470588235293,0.0,Austrian Grand Prix,67.924,2025,49.166459627329196,30.347826086956523,0.0,0.0,0.0,1.0
5,Kick Sauber,65.182,66.113375,0.5684801969945836,-0.8580000000000041,37.311344537815124,24.676470588235293,0.0,Austrian Grand Prix,67.924,2025,49.166459627329196,30.347826086956523,0.0,1.0,1.0,1.0
6,Racing Bulls,65.547,66.46928571428572,0.5116016068012618,-1.222999999999999,37.311344537815124,24.676470588235293,0.0,Austrian Grand Prix,67.924,2025,49.166459627329196,30.347826086956523,0.0,0.0,0.0,0.0
10,Alpine,65.366,66.27946153846155,0.5397716918197377,-1.0420000000000016,37.311344537815124,24.676470588235293,0.0,Austrian Grand Prix,67.924,2025,49.166459627329196,30.347826086956523,0.0,1.0,0.0,1.0
12,Mercedes,65.053,65.82827272727273,0.5330052175949787,-0.7289999999999992,37.311344537815124,24.676470588235293,0.0,Austrian Grand Prix,67.924,2025,49.166459627329196,30.347826086956523,0.0,0.0,0.0,0.0
14,Aston Martin,65.243,66.1881875,0.6054476875368764,-0.9189999999999969,37.311344537815124,24.676470588235293,0.0,Austrian Grand Prix,67.924,2025,49.166459627329196,30.347826086956523,0.0,1.0,1.0,0.0
18,Aston Martin,65.022,66.11062500000001,0.5441528823547652,-0.6980000000000075,37.311344537815124,24.676470588235293,0.0,Austrian Grand Prix,67.924,2025,49.166459627329196,30.347826086956523,0.0,0.0,0.0,1.0
22,Red Bull Racing,65.139,66.11799999999998,0.5190048169333304,-0.8149999999999977,37.311344537815124,24.676470588235293,0.0,Austrian Grand Prix,67.924,2025,49.166459627329196,30.347826086956523,0.0,1.0,0.0,0.0
23,Williams,65.314,66.11412499999999,0.5808180518673645,-0.9899999999999949,37.311344537815124,24.676470588235293,0.0,Austrian Grand Prix,67.924,2025,49.166459627329196,30.347826086956523,0.0,1.0,0.0,1.0
27,Kick Sauber,65.283,66.226,0.591364382875173,-0.9590000000000032,37.311344537815124,24.676470588235293,0.0,Austrian Grand Prix,67.924,2025,49.166459627329196,30.347826086956523,0.0,0.0,1.0,0.0
30,Racing Bulls,65.182,66.18669230769231,0.598144616500494,-0.8580000000000041,37.311344537815124,24.676470588235293,0.0,Austrian Grand Prix,67.924,2025,49.166459627329196,30.347826086956523,0.0,1.0,1.0,1.0
31,Haas F1 Team,65.519,66.53129411764706,0.5587717375380398,-1.1950000000000074,37.311344537815124,24.676470588235293,0.0,Austrian Grand Prix,67.924,2025,49.166459627329196,30.347826086956523,0.0,1.0,1.0,0.0
38,Ferrari,66.369,67.371,0.6313976559981824,-2.0450000000000017,37.311344537815124,24.676470588235293,0.0,Austrian Grand Prix,67.924,2025,49.166459627329196,30.347826086956523,0.0,,,0.0
43,Alpine,65.546,66.65553333333334,0.4913564716397064,-1.2220000000000084,37.311344537815124,24.676470588235293,0.0,Austrian Grand Prix,67.924,2025,49.166459627329196,30.347826086956523,0.0,0.0,0.0,0.0
44,Ferrari,64.79,65.6319,0.45154943250988533,-0.4660000000000082,37.311344537815124,24.676470588235293,0.0,Austrian Grand Prix,67.924,2025,49.166459627329196,30.347826086956523,0.0,0.0,1.0,0.0
55,Williams,65.326,66.10816666666666,0.4782104662175431,-1.0019999999999953,37.311344537815124,24.676470588235293,0.0,Austrian Grand Prix,67.924,2025,49.166459627329196,30.347826086956523,0.0,0.0,0.0,0.0
63,Mercedes,65.018,65.66423076923076,0.4954260255028612,-0.6940000000000026,37.311344537815124,24.676470588235293,0.0,Austrian Grand Prix,67.924,2025,49.166459627329196,30.347826086956523,0.0,1.0,1.0,1.0
81,McLaren,64.442,65.6058,0.6186910052683828,-0.117999999999995,37.311344537815124,24.676470588235293,0.0,Austrian Grand Prix,67.924,2025,49.166459627329196,30.347826086956523,0.0,0.0,1.0,0.0
87,Haas F1 Team,65.366,66.36546153846153,0.6735917064381409,-1.0420000000000016,37.311344537815124,24.676470588235293,0.0,Austrian Grand Prix,67.924,2025,49.166459627329196,30.347826086956523,0.0,0.0,0.0,1.0
89,McLaren,65.766,66.79740000000001,0.5947739402495683,-1.4420000000000073,37.311344537815124,24.676470588235293,0.0,Austrian Grand Prix,67.924,2025,49.166459627329196,30.347826086956523,0.0,,,0.0
4,McLaren,64.324,65.07366666666667,0.4928806481627509,0.0,37.311344537815124,24.676470588235293,0.0,Austrian Grand Prix,67.924,2025,49.166459627329196,30.347826086956523,0.0,1.0,1.0,1.0
16,Ferrari,64.574,65.48877777777778,0.4748475258854215,-0.25,37.311344537815124,24.676470588235293,0.0,Austrian Grand Prix,67.924,2025,49.166459627329196,30.347826086956523,0.0,1.0,1.0,1.0
1,Red Bull Racing,85.585,86.60833333333332,0.6119277372006915,-0.08699999999998909,34.738114754098355,22.18114754098361,0.0,British Grand Prix,89.337,2025,23.578709677419354,17.91741935483871,0.18064516129032257,1.0,1.0,1.0
4,McLaren,85.606,86.78670000000002,0.59298685482901,-0.10799999999998988,34.738114754098355,22.18114754098361,0.0,British Grand Prix,89.337,2025,23.578709677419354,17.91741935483871,0.18064516129032257,1.0,1.0,0.0
5,Kick Sauber,86.501,87.57166666666666,0.7141196600632772,-1.0030000000000001,34.738114754098355,22.18114754098361,0.0,British Grand Prix,89.337,2025,23.578709677419354,17.91741935483871,0.18064516129032257,0.0,0.0,0.0
6,Racing Bulls,86.129,87.3294,0.5889485885881707,-0.6310000000000002,34.738114754098355,22.18114754098361,0.0,British Grand Prix,89.337,2025,23.578709677419354,17.91741935483871,0.18064516129032257,1.0,0.0,1.0
10,Alpine,87.174,88.38909090909092,0.5645950205147783,-1.676000000000002,34.738114754098355,22.18114754098361,0.0,British Grand Prix,89.337,2025,23.578709677419354,17.91741935483871,0.18064516129032257,1.0,1.0,1.0
12,Mercedes,86.383,87.31179999999998,0.674006943584415,-0.8849999999999909,34.738114754098355,22.18114754098361,0.0,British Grand Prix,89.337,2025,23.578709677419354,17.91741935483871,0.18064516129032257,0.0,0.0,0.0
14,Aston Martin,86.876,87.5555,0.5598814606682375,-1.3780000000000001,34.738114754098355,22.18114754098361,0.0,British Grand Prix,89.337,2025,23.578709677419354,17.91741935483871,0.18064516129032257,0.0,1.0,0.0
16,Ferrari,85.498,86.49530000000001,0.6130466621718121,0.0,34.738114754098355,22.18114754098361,0.0,British Grand Prix,89.337,2025,23.578709677419354,17.91741935483871,0.18064516129032257,0.0,0.0,1.0
18,Aston Martin,86.43,87.7003,0.541975654434771,-0.9320000000000022,34.738114754098355,22.18114754098361,0.0,British Grand Prix,89.337,2025,23.578709677419354,17.91741935483871,0.18064516129032257,1.0,1.0,1.0
23,Williams,86.119,87.30463636363636,0.5670148743803768,-0.6209999999999951,34.738114754098355,22.18114754098361,0.0,British Grand Prix,89.337,2025,23.578709677419354,17.91741935483871,0.18064516129032257,1.0,1.0,1.0
30,Racing Bulls,86.256,87.34222222222223,0.5111705037955712,-0.7579999999999956,34.738114754098355,22.18114754098361,0.0,British Grand Prix,89.337,2025,23.578709677419354,17.91741935483871,0.18064516129032257,0.0,0.0,0.0
31,Haas F1 Team,86.377,87.411875,0.562382751669183,-0.8789999999999907,34.738114754098355,22.18114754098361,0.0,British Grand Prix,89.337,2025,23.578709677419354,17.91741935483871,0.18064516129032257,0.0,0.0,0.0
36,Red Bull Racing,87.958,88.597,0.4989002906393206,-2.4599999999999937,34.738114754098355,22.18114754098361,0.0,British Grand Prix,89.337,2025,23.578709677419354,17.91741935483871,0.18064516129032257,,,0.0
43,Alpine,87.289,87.92227272727273,0.39668148223367783,-1.7909999999999968,34.738114754098355,22.18114754098361,0.0,British Grand Prix,89.337,2025,23.578709677419354,17.91741935483871,0.18064516129032257,0.0,0.0,0.0
44,Ferrari,86.117,86.70511111111111,0.4049215135044883,-0.6189999999999998,34.738114754098355,22.18114754098361,0.0,British Grand Prix,89.337,2025,23.578709677419354,17.91741935483871,0.18064516129032257,1.0,1.0,0.0
55,Williams,86.332,87.4709,0.5424747828240508,-0.833999999999989,34.738114754098355,22.18114754098361,0.0,British Grand Prix,89.337,2025,23.578709677419354,17.91741935483871,0.18064516129032257,0.0,0.0,0.0
63,Mercedes,86.125,86.999,0.5989362236498981,-0.6269999999999953,34.738114754098355,22.18114754098361,0.0,British Grand Prix,89.337,2025,23.578709677419354,17.91741935483871,0.18064516129032257,1.0,1.0,1.0
81,McLaren,85.566,86.80577777777779,0.5614094916226035,-0.06799999999999784,34.738114754098355,22.18114754098361,0.0,British Grand Prix,89.337,2025,23.578709677419354,17.91741935483871,0.18064516129032257,0.0,1.0,1.0
87,Haas F1 Team,86.112,86.91733333333333,0.47664790172854243,-0.6139999999999901,34.738114754098355,22.18114754098361,0.0,British Grand Prix,89.337,2025,23.578709677419354,17.91741935483871,0.18064516129032257,1.0,0.0,1.0
97,Kick Sauber,88.142,89.103125,0.6403316401482902,-2.6439999999999912,34.738114754098355,22.18114754098361,0.0,British Grand Prix,89.337,2025,23.578709677419354,17.91741935483871,0.18064516129032257,,,0.0
22,Red Bull Racing,86.104,87.10400000000001,0.512977025383621,-0.6059999999999945,34.738114754098355,22.18114754098361,0.0,British Grand Prix,89.337,2025,23.578709677419354,17.91741935483871,0.18064516129032257,0.0,0.0,0.0
27,Kick Sauber,86.499,87.4346,0.6182409239123526,-1.0009999999999906,34.738114754098355,22.18114754098361,0.0,British Grand Prix,89.337,2025,23.578709677419354,17.91741935483871,0.18064516129032257,1.0,1.0,1.0
1,Red Bull Racing,102.426,103.105,0.8050892290092243,-0.40399999999999636,35.938271604938265,20.919753086419753,0.012345679012345678,Belgian Grand Prix,104.861,2025,24.09013452914799,17.030044843049332,0.45739910313901344,1.0,1.0,1.0
4,McLaren,102.526,103.32533333333333,0.7224040113091527,-0.5039999999999907,35.938271604938265,20.919753086419753,0.012345679012345678,Belgian Grand Prix,104.861,2025,24.09013452914799,17.030044843049332,0.45739910313901344,0.0,1.0,0.0
5,Kick Sauber,103.262,103.5215,0.25950000000000273,-1.2399999999999949,35.938271604938265,20.919753086419753,0.012345679012345678,Belgian Grand Prix,104.861,2025,24.09013452914799,17.030044843049332,0.45739910313901344,1.0,1.0,1.0
6,Racing Bulls,103.122,103.122,0.0,-1.0999999999999943,35.938271604938265,20.919753086419753,0.012345679012345678,Belgian Grand Prix,104.861,2025,24.09013452914799,17.030044843049332,0.45739910313901344,0.0,0.0,1.0
10,Alpine,103.929,103.929,0.0,-1.9069999999999965,35.938271604938265,20.919753086419753,0.012345679012345678,Belgian Grand Prix,104.861,2025,24.09013452914799,17.030044843049332,0.45739910313901344,1.0,1.0,1.0
12,Mercedes,102.979,102.979,0.0,-0.9569999999999936,35.938271604938265,20.919753086419753,0.012345679012345678,Belgian Grand Prix,104.861,2025,24.09013452914799,17.030044843049332,0.45739910313901344,0.0,0.0,0.0
14,Aston Martin,103.12,103.12,0.0,-1.097999999999999,35.938271604938265,20.919753086419753,0.012345679012345678,Belgian Grand Prix,104.861,2025,24.09013452914799,17.030044843049332,0.45739910313901344,0.0,0.0,0.0
16,Ferrari,102.928,103.739,0.8336444086059736,-0.9059999999999917,35.938271604938265,20.919753086419753,0.012345679012345678,Belgian Grand Prix,104.861,2025,24.09013452914799,17.030044843049332,0.45739910313901344,1.0,1.0,1.0
18,Aston Martin,103.112,103.112,0.0,-1.0899999999999892,35.938271604938265,20.919753086419753,0.012345679012345678,Belgian Grand Prix,104.861,2025,24.09013452914799,17.030044843049332,0.45739910313901344,1.0,0.0,1.0
22,Red Bull Racing,104.492,105.24833333333333,0.6871886365636591,-2.469999999999999,35.938271604938265,20.919753086419753,0.012345679012345678,Belgian Grand Prix,104.861,2025,24.09013452914799,17.030044843049332,0.45739910313901344,0.0,0.0,0.0
23,Williams,103.261,103.28899999999999,0.027999999999998693,-1.23899999999999,35.938271604938265,20.919753086419753,0.012345679012345678,Belgian Grand Prix,104.861,2025,24.09013452914799,17.030044843049332,0.45739910313901344,1.0,1.0,0.0
27,Kick Sauber,103.47,103.47149999999999,0.0015000000000000568,-1.4479999999999933,35.938271604938265,20.919753086419753,0.012345679012345678,Belgian Grand Prix,104.861,2025,24.09013452914799,17.030044843049332,0.45739910313901344,0.0,0.0,0.0
30,Racing Bulls,103.478,103.478,0.0,-1.4559999999999889,35.938271604938265,20.919753086419753,0.012345679012345678,Belgian Grand Prix,104.861,2025,24.09013452914799,17.030044843049332,0.45739910313901344,1.0,1.0,0.0
31,Haas F1 Team,103.57,104.45366666666666,0.7902347049382815,-1.5479999999999876,35.938271604938265,20.919753086419753,0.012345679012345678,Belgian Grand Prix,104.861,2025,24.09013452914799,17.030044843049332,0.45739910313901344,0.0,0.0,1.0
43,Alpine,104.847,105.287,0.44000000000000483,-2.8249999999999886,35.938271604938265,20.919753086419753,0.012345679012345678,Belgian Grand Prix,104.861,2025,24.09013452914799,17.030044843049332,0.45739910313901344,0.0,0.0,0.0
44,Ferrari,103.085,103.726,0.6410000000000053,-1.0629999999999882,35.938271604938265,20.919753086419753,0.012345679012345678,Belgian Grand Prix,104.861,2025,24.09013452914799,17.030044843049332,0.45739910313901344,0.0,1.0,0.0
55,Williams,103.217,103.217,0.0,-1.1949999999999932,35.938271604938265,20.919753086419753,0.012345679012345678,Belgian Grand Prix,104.861,2025,24.09013452914799,17.030044843049332,0.45739910313901344,0.0,0.0,1.0
63,Mercedes,102.598,102.598,0.0,-0.5759999999999934,35.938271604938265,20.919753086419753,0.012345679012345678,Belgian Grand Prix,104.861,2025,24.09013452914799,17.030044843049332,0.45739910313901344,1.0,1.0,1.0
81,McLaren,102.022,102.0725,0.050499999999999545,0.0,35.938271604938265,20.919753086419753,0.012345679012345678,Belgian Grand Prix,104.861,2025,24.09013452914799,17.030044843049332,0.45739910313901344,1.0,1.0,1.0
87,Haas F1 Team,105.077,105.71666666666665,0.4545769706245816,-3.0549999999999926,35.938271604938265,20.919753086419753,0.012345679012345678,Belgian Grand Prix,104.861,2025,24.09013452914799,17.030044843049332,0.45739910313901344,1.0,0.0,0.0
1,Red Bull Racing,76.162,76.8741111111111,0.5860774397911063,-1.2460000000000093,42.771020408163274,26.62408163265306,0.0,Hungarian Grand Prix,79.409,2025,32.72993630573249,22.082165605095543,0.0,1.0,1.0,1.0
4,McLaren,74.948,76.1239,0.6212513903404977,-0.031999999999996476,42.771020408163274,26.62408163265306,0.0,Hungarian Grand Prix,79.409,2025,32.72993630573249,22.082165605095543,0.0,1.0,1.0,0.0
5,Kick Sauber,75.978,76.75216666666665,0.5538863952913917,-1.0619999999999976,42.771020408163274,26.62408163265306,0.0,Hungarian Grand Prix,79.409,2025,32.72993630573249,22.082165605095543,0.0,1.0,1.0,1.0
6,Racing Bulls,76.427,77.3435,0.5962428895453029,-1.51100000000001,42.771020408163274,26.62408163265306,0.0,Hungarian Grand Prix,79.409,2025,32.72993630573249,22.082165605095543,0.0,0.0,0.0,0.0
10,Alpine,76.57,77.1391111111111,0.4162540475464065,-1.6539999999999964,42.771020408163274,26.62408163265306,0.0,Hungarian Grand Prix,79.409,2025,32.72993630573249,22.082165605095543,0.0,0.0,0.0,0.0
12,Mercedes,75.745,76.78777777777776,0.4885369945681984,-0.8290000000000077,42.771020408163274,26.62408163265306,0.0,Hungarian Grand Prix,79.409,2025,32.72993630573249,22.082165605095543,0.0,0.0,1.0,1.0
16,Ferrari,75.315,76.38941666666668,0.524254940897609,-0.3990000000000009,42.771020408163274,26.62408163265306,0.0,Hungarian Grand Prix,79.409,2025,32.72993630573249,22.082165605095543,0.0,1.0,1.0,1.0
18,Aston Martin,75.828,76.704,0.5996956804004102,-0.9120000000000061,42.771020408163274,26.62408163265306,0.0,Hungarian Grand Prix,79.409,2025,32.72993630573249,22.082165605095543,0.0,0.0,1.0,0.0
22,Red Bull Racing,76.485,77.355875,0.552543762407105,-1.5690000000000026,42.771020408163274,26.62408163265306,0.0,Hungarian Grand Prix,79.409,2025,32.72993630573249,22.082165605095543,0.0,0.0,0.0,0.0
23,Williams,76.53,77.36816666666668,0.5398121329582082,-1.6140000000000043,42.771020408163274,26.62408163265306,0.0,Hungarian Grand Prix,79.409,2025,32.72993630573249,22.082165605095543,0.0,0.0,0.0,0.0
30,Racing Bulls,76.371,77.30158333333334,0.45442554548450437,-1.4549999999999983,42.771020408163274,26.62408163265306,0.0,Hungarian Grand Prix,79.409,2025,32.72993630573249,22.082165605095543,0.0,1.0,1.0,1.0
31,Haas F1 Team,76.531,77.42954545454546,0.642185099857774,-1.615000000000009,42.771020408163274,26.62408163265306,0.0,Hungarian Grand Prix,79.409,2025,32.72993630573249,22.082165605095543,0.0,1.0,0.0,0.0
34,Aston Martin,77.269,78.52025,0.74632143711674,-2.3530000000000086,42.771020408163274,26.62408163265306,0.0,Hungarian Grand Prix,79.409,2025,32.72993630573249,22.082165605095543,0.0,,,0.0
43,Alpine,76.247,77.41938461538462,0.6052422958505062,-1.331000000000003,42.771020408163274,26.62408163265306,0.0,Hungarian Grand Prix,79.409,2025,32.72993630573249,22.082165605095543,0.0,1.0,0.0,1.0
44,Ferrari,75.684,76.6093,0.5934116699223241,-0.7680000000000007,42.771020408163274,26.62408163265306,0.0,Hungarian Grand Prix,79.409,2025,32.72993630573249,22.082165605095543,0.0,0.0,0.0,0.0
55,Williams,76.442,77.2415,0.5105562162974807,-1.5259999999999962,42.771020408163274,26.62408163265306,0.0,Hungarian Grand Prix,79.409,2025,32.72993630573249,22.082165605095543,0.0,1.0,0.0,1.0
63,Mercedes,75.84,76.54255555555557,0.4867281036816956,-0.9240000000000066,42.771020408163274,26.62408163265306,0.0,Hungarian Grand Prix,79.409,2025,32.72993630573249,22.082165605095543,0.0,1.0,1.0,0.0
81,McLaren,74.916,75.91888888888889,0.4758812747464662,0.0,42.771020408163274,26.62408163265306,0.0,Hungarian Grand Prix,79.409,2025,32.72993630573249,22.082165605095543,0.0,0.0,1.0,1.0
87,Haas F1 Team,76.127,77.091,0.5684522847170213,-1.2109999999999985,42.771020408163274,26.62408163265306,0.0,Hungarian Grand Prix,79.409,2025,32.72993630573249,22.082165605095543,0.0,0.0,0.0,1.0
97,Kick Sauber,79.788,80.38166666666666,0.7892073379171177,-4.872,42.771020408163274,26.62408163265306,0.0,Hungarian Grand Prix,79.409,2025,32.72993630573249,22.082165605095543,0.0,,,0.0
14,Aston Martin,75.794,76.32766666666667,0.43974449652294917,-0.8780000000000001,42.771020408163274,26.62408163265306,0.0,Hungarian Grand Prix,79.409,2025,32.72993630573249,22.082165605095543,0.0,1.0,1.0,1.0
27,Kick Sauber,76.025,76.9007142857143,0.5585199099368922,-1.1090000000000089,42.771020408163274,26.62408163265306,0.0,Hungarian Grand Prix,79.409,2025,32.72993630573249,22.082165605095543,0.0,0.0,0.0,0.0
1,Red Bull Racing,69.925,70.87255555555556,0.6018885299365152,-0.953000000000003,25.619591836734696,20.088571428571424,0.0163265306122449,Dutch Grand Prix,72.271,2025,27.96352201257861,20.077358490566034,0.0,1.0,1.0,1.0
4,McLaren,68.972,69.86266666666667,0.5089327613305703,0.0,25.619591836734696,20.088571428571424,0.0163265306122449,Dutch Grand Prix,72.271,2025,27.96352201257861,20.077358490566034,0.0,0.0,0.0,1.0
5,Kick Sauber,70.361,71.61671428571428,0.5830936494951986,-1.38900000000001,25.619591836734696,20.088571428571424,0.0163265306122449,Dutch Grand Prix,72.271,2025,27.96352201257861,20.077358490566034,0.0,0.0,0.0,1.0
6,Racing Bulls,70.166,71.09085714285713,0.6567996930074611,-1.1940000000000026,25.619591836734696,20.088571428571424,0.0163265306122449,Dutch Grand Prix,72.271,2025,27.96352201257861,20.077358490566034,0.0,1.0,1.0,1.0
10,Alpine,70.963,71.80411111111111,0.5227794190551641,-1.9909999999999997,25.619591836734696,20.088571428571424,0.0163265306122449,Dutch Grand Prix,72.271,2025,27.96352201257861,20.077358490566034,0.0,0.0,0.0,0.0
12,Mercedes,70.697,71.714,0.5564091220595785,-1.7250000000000085,25.619591836734696,20.088571428571424,0.0163265306122449,Dutch Grand Prix,72.271,2025,27.96352201257861,20.077358490566034,0.0,0.0,0.0,0.0
14,Aston Martin,69.977,70.81587499999999,0.5965208373351242,-1.0050000000000097,25.619591836734696,20.088571428571424,0.0163265306122449,Dutch Grand Prix,72.271,2025,27.96352201257861,20.077358490566034,0.0,0.0,1.0,1.0
16,Ferrari,69.938,70.711,0.46116293216172677,-0.9660000000000082,25.619591836734696,20.088571428571424,0.0163265306122449,Dutch Grand Prix,72.271,2025,27.96352201257861,20.077358490566034,0.0,1.0,0.0,1.0
18,Aston Martin,70.103,71.17375,0.5975227506128957,-1.1310000000000002,25.619591836734696,20.088571428571424,0.0163265306122449,Dutch Grand Prix,72.271,2025,27.96352201257861,20.077358490566034,0.0,1.0,1.0,0.0
22,Red Bull Racing,70.349,71.26225,0.6501805037833726,-1.3770000000000095,25.619591836734696,20.088571428571424,0.0163265306122449,Dutch Grand Prix,72.271,2025,27.96352201257861,20.077358490566034,0.0,0.0,1.0,0.0
23,Williams,70.099,71.10588888888888,0.55715636034828,-1.1270000000000095,25.619591836734696,20.088571428571424,0.0163265306122449,Dutch Grand Prix,72.271,2025,27.96352201257861,20.077358490566034,0.0,1.0,1.0,0.0
27,Kick Sauber,70.599,71.47414285714287,0.7046268371214922,-1.6270000000000095,25.619591836734696,20.088571428571424,0.0163265306122449,Dutch Grand Prix,72.271,2025,27.96352201257861,20.077358490566034,0.0,1.0,0.0,0.0
30,Racing Bulls,70.3,71.30366666666666,0.5999625914264259,-1.328000000000003,25.619591836734696,20.088571428571424,0.0163265306122449,Dutch Grand Prix,72.271,2025,27.96352201257861,20.077358490566034,0.0,0.0,0.0,0.0
31,Haas F1 Team,70.801,71.7923,0.6764610927466546,-1.8290000000000077,25.619591836734696,20.088571428571424,0.0163265306122449,Dutch Grand Prix,72.271,2025,27.96352201257861,20.077358490566034,0.0,0.0,1.0,0.0
43,Alpine,70.957,72.02770000000001,0.6533616226868548,-1.9849999999999994,25.619591836734696,20.088571428571424,0.0163265306122449,Dutch Grand Prix,72.271,2025,27.96352201257861,20.077358490566034,0.0,1.0,0.0,1.0
44,Ferrari,70.373,71.27674999999999,0.7036937810582061,-1.4010000000000105,25.619591836734696,20.088571428571424,0.0163265306122449,Dutch Grand Prix,72.271,2025,27.96352201257861,20.077358490566034,0.0,0.0,0.0,0.0
55,Williams,69.913,71.14637499999999,0.5639798173472181,-0.9410000000000025,25.619591836734696,20.088571428571424,0.0163265306122449,Dutch Grand Prix,72.271,2025,27.96352201257861,20.077358490566034,0.0,0.0,0.0,1.0
63,Mercedes,69.858,70.69333333333333,0.5372869086644673,-0.8860000000000099,25.619591836734696,20.088571428571424,0.0163265306122449,Dutch Grand Prix,72.271,2025,27.96352201257861,20.077358490566034,0.0,1.0,1.0,1.0
81,McLaren,69.214,70.02414285714285,0.5493313932334802,-0.24200000000000443,25.619591836734696,20.088571428571424,0.0163265306122449,Dutch Grand Prix,72.271,2025,27.96352201257861,20.077358490566034,0.0,1.0,1.0,0.0
87,Haas F1 Team,70.595,71.27074999999999,0.6350751431917303,-1.6230000000000047,25.619591836734696,20.088571428571424,0.0163265306122449,Dutch Grand Prix,72.271,2025,27.96352201257861,20.077358490566034,0.0,1.0,1.0,1.0
1,Red Bull Racing,79.498,80.46849999999999,0.6482930792987562,-0.1670000000000016,41.17661870503597,25.958273381294962,0.0,Italian Grand Prix,80.901,2025,43.28819444444444,26.76111111111111,0.0,1.0,1.0,1.0
10,Alpine,80.247,81.27325,0.5956938706248376,-0.9159999999999968,41.17661870503597,25.958273381294962,0.0,Italian Grand Prix,80.901,2025,43.28819444444444,26.76111111111111,0.0,1.0,0.0,0.0
12,Mercedes,79.696,80.87925000000001,0.7041693244525773,-0.3649999999999949,41.17661870503597,25.958273381294962,0.0,Italian Grand Prix,80.901,2025,43.28819444444444,26.76111111111111,0.0,0.0,1.0,0.0
14,Aston Martin,79.861,80.86808333333333,0.5713337405191069,-0.5300000000000011,41.17661870503597,25.958273381294962,0.0,Italian Grand Prix,80.901,2025,43.28819444444444,26.76111111111111,0.0,0.0,0.0,1.0
16,Ferrari,79.352,80.51384615384616,0.6015816136400957,-0.021000000000000796,41.17661870503597,25.958273381294962,0.0,Italian Grand Prix,80.901,2025,43.28819444444444,26.76111111111111,0.0,1.0,1.0,1.0
18,Aston Martin,80.247,81.17056249999999,0.5870488660186214,-0.9159999999999968,41.17661870503597,25.958273381294962,0.0,Italian Grand Prix,80.901,2025,43.28819444444444,26.76111111111111,0.0,1.0,0.0,0.0
22,Red Bull Racing,80.059,81.05946153846153,0.6082304238696963,-0.7279999999999944,41.17661870503597,25.958273381294962,0.0,Italian Grand Prix,80.901,2025,43.28819444444444,26.76111111111111,0.0,0.0,0.0,0.0
23,Williams,79.72,80.69876923076923,0.6401987856963659,-0.3889999999999958,41.17661870503597,25.958273381294962,0.0,Italian Grand Prix,80.901,2025,43.28819444444444,26.76111111111111,0.0,1.0,1.0,1.0
27,Kick Sauber,79.737,80.8258,0.5876291007089421,-0.4059999999999917,41.17661870503597,25.958273381294962,0.0,Italian Grand Prix,80.901,2025,43.28819444444444,26.76111111111111,0.0,0.0,0.0,0.0
30,Racing Bulls,80.132,81.05472727272726,0.4689340118161768,-0.8010000000000019,41.17661870503597,25.958273381294962,0.0,Italian Grand Prix,80.901,2025,43.28819444444444,26.76111111111111,0.0,0.0,0.0,0.0
31,Haas F1 Team,80.304,81.40000000000002,0.605369997054144,-0.972999999999999,41.17661870503597,25.958273381294962,0.0,Italian Grand Prix,80.901,2025,43.28819444444444,26.76111111111111,0.0,0.0,0.0,0.0
4,McLaren,79.331,80.41133333333333,0.6777669215888289,0.0,41.17661870503597,25.958273381294962,0.0,Italian Grand Prix,80.901,2025,43.28819444444444,26.76111111111111,0.0,1.0,1.0,1.0
44,Ferrari,79.598,80.43275,0.5904985358435154,-0.2669999999999959,41.17661870503597,25.958273381294962,0.0,Italian Grand Prix,80.901,2025,43.28819444444444,26.76111111111111,0.0,0.0,1.0,0.0
5,Kick Sauber,79.558,80.42514285714286,0.571908191576091,-0.22700000000000387,41.17661870503597,25.958273381294962,0.0,Italian Grand Prix,80.901,2025,43.28819444444444,26.76111111111111,0.0,1.0,1.0,1.0
55,Williams,79.907,80.746,0.5244119395598674,-0.5759999999999934,41.17661870503597,25.958273381294962,0.0,Italian Grand Prix,80.901,2025,43.28819444444444,26.76111111111111,0.0,0.0,0.0,0.0
6,Racing Bulls,79.603,80.74525,0.5756450186529902,-0.27199999999999136,41.17661870503597,25.958273381294962,0.0,Italian Grand Prix,80.901,2025,43.28819444444444,26.76111111111111,0.0,1.0,1.0,1.0
61,Alpine,82.153,82.937,0.6022114009453569,-2.8220000000000027,41.17661870503597,25.958273381294962,0.0,Italian Grand Prix,80.901,2025,43.28819444444444,26.76111111111111,0.0,,,0.0
63,Mercedes,79.515,80.58608333333332,0.6179841500574441,-0.1839999999999975,41.17661870503597,25.958273381294962,0.0,Italian Grand Prix,80.901,2025,43.28819444444444,26.76111111111111,0.0,1.0,1.0,1.0
87,Haas F1 Team,80.209,81.29942857142858,0.7303448025503049,-0.8780000000000001,41.17661870503597,25.958273381294962,0.0,Italian Grand Prix,80.901,2025,43.28819444444444,26.76111111111111,0.0,1.0,0.0,1.0
89,McLaren,81.606,82.6356,0.7285043857108925,-2.2749999999999915,41.17661870503597,25.958273381294962,0.0,Italian Grand Prix,80.901,2025,43.28819444444444,26.76111111111111,0.0,,,0.0
43,Alpine,80.034,81.10074999999999,0.6160748229720127,-0.703000000000003,41.17661870503597,25.958273381294962,0.0,Italian Grand Prix,80.901,2025,43.28819444444444,26.76111111111111,0.0,0.0,0.0,1.0
81,McLaren,79.496,80.5047,0.6073506483078794,-0.16499999999999204,41.17661870503597,25.958273381294962,0.0,Italian Grand Prix,80.901,2025,43.28819444444444,26.76111111111111,0.0,0.0,1.0,0.0
1,Red Bull Racing,101.445,102.28649999999999,0.6423241004352871,-0.2219999999999942,33.3632,24.0984,0.0,Azerbaijan Grand Prix,103.388,2025,26.107051282051284,20.551923076923078,0.0,1.0,1.0,1.0
4,McLaren,101.223,102.26675,0.6595082922147378,0.0,33.3632,24.0984,0.0,Azerbaijan Grand Prix,103.388,2025,26.107051282051284,20.551923076923078,0.0,1.0,1.0,1.0
5,Kick Sauber,102.561,103.62685714285715,0.639197136720617,-1.338000000000008,33.3632,24.0984,0.0,Azerbaijan Grand Prix,103.388,2025,26.107051282051284,20.551923076923078,0.0,1.0,0.0,0.0
6,Racing Bulls,102.267,102.98622222222222,0.565076745579802,-1.043999999999997,33.3632,24.0984,0.0,Azerbaijan Grand Prix,103.388,2025,26.107051282051284,20.551923076923078,0.0,0.0,1.0,0.0
10,Alpine,102.674,103.57266666666668,0.4803126296717771,-1.4510000000000076,33.3632,24.0984,0.0,Azerbaijan Grand Prix,103.388,2025,26.107051282051284,20.551923076923078,0.0,1.0,0.0,1.0
12,Mercedes,101.779,102.28542857142858,0.5234579686067992,-0.5559999999999974,33.3632,24.0984,0.0,Azerbaijan Grand Prix,103.388,2025,26.107051282051284,20.551923076923078,0.0,0.0,1.0,0.0
14,Aston Martin,102.591,103.60044444444445,0.5098941308657707,-1.367999999999995,33.3632,24.0984,0.0,Azerbaijan Grand Prix,103.388,2025,26.107051282051284,20.551923076923078,0.0,1.0,0.0,1.0
16,Ferrari,101.367,102.43266666666666,0.6280368000541219,-0.14400000000000546,33.3632,24.0984,0.0,Azerbaijan Grand Prix,103.388,2025,26.107051282051284,20.551923076923078,0.0,0.0,1.0,0.0
18,Aston Martin,102.771,103.85539999999999,0.5805361659707342,-1.5480000000000018,33.3632,24.0984,0.0,Azerbaijan Grand Prix,103.388,2025,26.107051282051284,20.551923076923078,0.0,0.0,0.0,0.0
22,Red Bull Racing,102.444,103.396625,0.5171136087698719,-1.2210000000000036,33.3632,24.0984,0.0,Azerbaijan Grand Prix,103.388,2025,26.107051282051284,20.551923076923078,0.0,0.0,1.0,0.0
23,Williams,101.983,102.9241,0.5946310536795051,-0.7600000000000051,33.3632,24.0984,0.0,Azerbaijan Grand Prix,103.388,2025,26.107051282051284,20.551923076923078,0.0,0.0,0.0,1.0
27,Kick Sauber,102.428,103.547125,0.6807153291758632,-1.2049999999999983,33.3632,24.0984,0.0,Azerbaijan Grand Prix,103.388,2025,26.107051282051284,20.551923076923078,0.0,0.0,0.0,1.0
30,Racing Bulls,101.989,102.92733333333335,0.7257142841519814,-0.7660000000000053,33.3632,24.0984,0.0,Azerbaijan Grand Prix,103.388,2025,26.107051282051284,20.551923076923078,0.0,1.0,1.0,1.0
31,Haas F1 Team,102.167,103.01549999999999,0.5370775083728621,-0.9440000000000026,33.3632,24.0984,0.0,Azerbaijan Grand Prix,103.388,2025,26.107051282051284,20.551923076923078,0.0,0.0,0.0,0.0
43,Alpine,102.789,103.814125,0.682979764982095,-1.5660000000000025,33.3632,24.0984,0.0,Azerbaijan Grand Prix,103.388,2025,26.107051282051284,20.551923076923078,0.0,0.0,0.0,0.0
44,Ferrari,101.293,102.025125,0.6313595325763265,-0.07000000000000739,33.3632,24.0984,0.0,Azerbaijan Grand Prix,103.388,2025,26.107051282051284,20.551923076923078,0.0,1.0,1.0,1.0
55,Williams,102.255,102.91166666666666,0.5539107429100013,-1.0319999999999965,33.3632,24.0984,0.0,Azerbaijan Grand Prix,103.388,2025,26.107051282051284,20.551923076923078,0.0,1.0,1.0,0.0
63,Mercedes,101.77,102.70325000000001,0.6459345458326274,-0.546999999999997,33.3632,24.0984,0.0,Azerbaijan Grand Prix,103.388,2025,26.107051282051284,20.551923076923078,0.0,1.0,1.0,1.0
81,McLaren,101.477,102.46028571428572,0.6657652341019125,-0.2540000000000049,33.3632,24.0984,0.0,Azerbaijan Grand Prix,103.388,2025,26.107051282051284,20.551923076923078,0.0,0.0,0.0,0.0
87,Haas F1 Team,101.891,102.33483333333334,0.34060212206554946,-0.6680000000000064,33.3632,24.0984,0.0,Azerbaijan Grand Prix,103.388,2025,26.107051282051284,20.551923076923078,0.0,1.0,0.0,1.0
1,Red Bull Racing,90.148,91.07528571428573,0.5811517417497574,0.0,35.97418032786885,29.34016393442623,0.012295081967213115,Singapore Grand Prix,93.808,2025,33.85217391304348,29.072049689440995,0.037267080745341616,1.0,1.0,1.0
4,McLaren,90.237,91.19666666666666,0.6753535699501745,-0.08899999999999864,35.97418032786885,29.34016393442623,0.012295081967213115,Singapore Grand Prix,93.808,2025,33.85217391304348,29.072049689440995,0.037267080745341616,1.0,1.0,0.0
5,Kick Sauber,90.697,91.8832,0.751888927967424,-0.5490000000000066,35.97418032786885,29.34016393442623,0.012295081967213115,Singapore Grand Prix,93.808,2025,33.85217391304348,29.072049689440995,0.037267080745341616,1.0,0.0,0.0
6,Racing Bulls,90.489,91.47855555555554,0.6406287035424396,-0.3410000000000082,35.97418032786885,29.34016393442623,0.012295081967213115,Singapore Grand Prix,93.808,2025,33.85217391304348,29.072049689440995,0.037267080745341616,1.0,0.0,1.0
10,Alpine,91.643,92.86200000000001,0.5768887241054381,-1.4950000000000045,35.97418032786885,29.34016393442623,0.012295081967213115,Singapore Grand Prix,93.808,2025,33.85217391304348,29.072049689440995,0.037267080745341616,0.0,0.0,0.0
12,Mercedes,90.237,90.78200000000001,0.5970121439300865,-0.08899999999999864,35.97418032786885,29.34016393442623,0.012295081967213115,Singapore Grand Prix,93.808,2025,33.85217391304348,29.072049689440995,0.037267080745341616,0.0,1.0,0.0
14,Aston Martin,90.877,91.72016666666667,0.7165798203193342,-0.7289999999999992,35.97418032786885,29.34016393442623,0.012295081967213115,Singapore Grand Prix,93.808,2025,33.85217391304348,29.072049689440995,0.037267080745341616,1.0,1.0,1.0
16,Ferrari,90.651,91.57566666666666,0.6038461908650421,-0.5030000000000001,35.97418032786885,29.34016393442623,0.012295081967213115,Singapore Grand Prix,93.808,2025,33.85217391304348,29.072049689440995,0.037267080745341616,1.0,1.0,0.0
18,Aston Martin,91.222,92.226,0.7795512811868129,-1.073999999999998,35.97418032786885,29.34016393442623,0.012295081967213115,Singapore Grand Prix,93.808,2025,33.85217391304348,29.072049689440995,0.037267080745341616,0.0,0.0,0.0
22,Red Bull Racing,91.44,92.24855555555557,0.5986381045731323,-1.2920000000000016,35.97418032786885,29.34016393442623,0.012295081967213115,Singapore Grand Prix,93.808,2025,33.85217391304348,29.072049689440995,0.037267080745341616,0.0,0.0,0.0
23,Williams,90.668,91.5545,0.6648986764913846,-0.5200000000000102,35.97418032786885,29.34016393442623,0.012295081967213115,Singapore Grand Prix,93.808,2025,33.85217391304348,29.072049689440995,0.037267080745341616,0.0,0.0,0.0
27,Kick Sauber,90.637,91.73283333333332,0.7852321135958609,-0.4890000000000043,35.97418032786885,29.34016393442623,0.012295081967213115,Singapore Grand Prix,93.808,2025,33.85217391304348,29.072049689440995,0.037267080745341616,0.0,0.0,1.0
30,Racing Bulls,92.461,93.3787142857143,0.6987122265355049,-2.3130000000000024,35.97418032786885,29.34016393442623,0.012295081967213115,Singapore Grand Prix,93.808,2025,33.85217391304348,29.072049689440995,0.037267080745341616,0.0,0.0,0.0
31,Haas F1 Team,90.784,91.9718888888889,0.6579408018700696,-0.6360000000000099,35.97418032786885,29.34016393442623,0.012295081967213115,Singapore Grand Prix,93.808,2025,33.85217391304348,29.072049689440995,0.037267080745341616,0.0,0.0,1.0
43,Alpine,91.047,91.92066666666666,0.6690193486655597,-0.8990000000000009,35.97418032786885,29.34016393442623,0.012295081967213115,Singapore Grand Prix,93.808,2025,33.85217391304348,29.072049689440995,0.037267080745341616,1.0,0.0,1.0
44,Ferrari,90.559,91.326,0.48005803220622517,-0.41100000000000136,35.97418032786885,29.34016393442623,0.012295081967213115,Singapore Grand Prix,93.808,2025,33.85217391304348,29.072049689440995,0.037267080745341616,0.0,1.0,1.0
55,Williams,90.392,91.45550000000001,0.5860953420732835,-0.24399999999999977,35.97418032786885,29.34016393442623,0.012295081967213115,Singapore Grand Prix,93.808,2025,33.85217391304348,29.072049689440995,0.037267080745341616,1.0,1.0,1.0
63,Mercedes,90.197,91.3888,0.6606610023302392,-0.049000000000006594,35.97418032786885,29.34016393442623,0.012295081967213115,Singapore Grand Prix,93.808,2025,33.85217391304348,29.072049689440995,0.037267080745341616,1.0,1.0,1.0
81,McLaren,90.165,90.94766666666665,0.5237721090533732,-0.017000000000010118,35.97418032786885,29.34016393442623,0.012295081967213115,Singapore Grand Prix,93.808,2025,33.85217391304348,29.072049689440995,0.037267080745341616,0.0,1.0,1.0
87,Haas F1 Team,90.799,91.8682857142857,0.6987310363970458,-0.6510000000000105,35.97418032786885,29.34016393442623,0.012295081967213115,Singapore Grand Prix,93.808,2025,33.85217391304348,29.072049689440995,0.037267080745341616,1.0,1.0,0.0
1,Red Bull Racing,93.648,94.537,0.8890000000000029,-0.3539999999999992,42.21829268292684,29.952439024390248,0.0,United States Grand Prix,97.577,2025,45.0448051948052,28.267532467532465,0.0,1.0,1.0,1.0
4,McLaren,93.294,93.294,0.0,0.0,42.21829268292684,29.952439024390248,0.0,United States Grand Prix,97.577,2025,45.0448051948052,28.267532467532465,0.0,1.0,1.0,1.0
5,Kick Sauber,94.478,95.27033333333334,0.8189164928258691,-1.1839999999999975,42.21829268292684,29.952439024390248,0.0,United States Grand Prix,97.577,2025,45.0448051948052,28.267532467532465,0.0,0.0,0.0,0.0
6,Racing Bulls,94.155,94.56,0.40500000000000114,-0.8610000000000042,42.21829268292684,29.952439024390248,0.0,United States Grand Prix,97.577,2025,45.0448051948052,28.267532467532465,0.0,0.0,0.0,1.0
10,Alpine,94.665,95.30333333333333,0.8753073111135804,-1.3710000000000093,42.21829268292684,29.952439024390248,0.0,United States Grand Prix,97.577,2025,45.0448051948052,28.267532467532465,0.0,0.0,0.0,0.0
12,Mercedes,94.737,95.4575,0.7205000000000013,-1.4429999999999978,42.21829268292684,29.952439024390248,0.0,United States Grand Prix,97.577,2025,45.0448051948052,28.267532467532465,0.0,0.0,0.0,0.0
14,Aston Martin,93.639,93.639,0.0,-0.34499999999999886,42.21829268292684,29.952439024390248,0.0,United States Grand Prix,97.577,2025,45.0448051948052,28.267532467532465,0.0,1.0,1.0,1.0
16,Ferrari,96.08,96.8712,0.6998123748548607,-2.7860000000000014,42.21829268292684,29.952439024390248,0.0,United States Grand Prix,97.577,2025,45.0448051948052,28.267532467532465,0.0,1.0,1.0,0.0
18,Aston Martin,94.61,95.85833333333333,0.8847426493368323,-1.3160000000000025,42.21829268292684,29.952439024390248,0.0,United States Grand Prix,97.577,2025,45.0448051948052,28.267532467532465,0.0,0.0,0.0,0.0
22,Red Bull Racing,94.531,95.60000000000001,0.8169418583962954,-1.237000000000009,42.21829268292684,29.952439024390248,0.0,United States Grand Prix,97.577,2025,45.0448051948052,28.267532467532465,0.0,0.0,1.0,0.0
23,Williams,93.92,93.92,0.0,-0.6260000000000048,42.21829268292684,29.952439024390248,0.0,United States Grand Prix,97.577,2025,45.0448051948052,28.267532467532465,0.0,1.0,0.0,1.0
27,Kick Sauber,93.549,93.701,0.15199999999999392,-0.25500000000000966,42.21829268292684,29.952439024390248,0.0,United States Grand Prix,97.577,2025,45.0448051948052,28.267532467532465,0.0,1.0,1.0,1.0
30,Racing Bulls,94.619,95.09733333333332,0.6289951421822685,-1.3250000000000028,42.21829268292684,29.952439024390248,0.0,United States Grand Prix,97.577,2025,45.0448051948052,28.267532467532465,0.0,1.0,0.0,0.0
31,Haas F1 Team,94.368,95.06,0.8781028793180629,-1.073999999999998,42.21829268292684,29.952439024390248,0.0,United States Grand Prix,97.577,2025,45.0448051948052,28.267532467532465,0.0,0.0,0.0,0.0
43,Alpine,94.653,94.90100000000001,0.24799999999999756,-1.3590000000000089,42.21829268292684,29.952439024390248,0.0,United States Grand Prix,97.577,2025,45.0448051948052,28.267532467532465,0.0,1.0,0.0,1.0
44,Ferrari,93.965,94.91133333333335,0.7957873808722764,-0.6710000000000065,42.21829268292684,29.952439024390248,0.0,United States Grand Prix,97.577,2025,45.0448051948052,28.267532467532465,0.0,0.0,1.0,1.0
55,Williams,95.874,96.49666666666667,0.7073279924397837,-2.5799999999999983,42.21829268292684,29.952439024390248,0.0,United States Grand Prix,97.577,2025,45.0448051948052,28.267532467532465,0.0,0.0,0.0,0.0
63,Mercedes,93.931,94.72133333333333,0.6650274848121398,-0.6370000000000005,42.21829268292684,29.952439024390248,0.0,United States Grand Prix,97.577,2025,45.0448051948052,28.267532467532465,0.0,1.0,1.0,1.0
81,McLaren,93.573,93.71549999999999,0.1425000000000054,-0.27899999999999636,42.21829268292684,29.952439024390248,0.0,United States Grand Prix,97.577,2025,45.0448051948052,28.267532467532465,0.0,0.0,1.0,0.0
87,Haas F1 Team,94.333,94.95433333333334,0.8324651477522784,-1.0390000000000015,42.21829268292684,29.952439024390248,0.0,United States Grand Prix,97.577,2025,45.0448051948052,28.267532467532465,0.0,1.0,1.0,1.0
5,Kick Sauber,77.526,78.65079999999998,0.6090495546341039,-0.8930000000000007,42.9271186440678,24.328248587570624,0.0,Mexico City Grand Prix,80.052,2025,50.58827160493828,26.405555555555555,0.0,1.0,1.0,1.0
6,Racing Bulls,77.396,78.09985714285715,0.40016369099636795,-0.7630000000000052,42.9271186440678,24.328248587570624,0.0,Mexico City Grand Prix,80.052,2025,50.58827160493828,26.405555555555555,0.0,1.0,0.0,1.0
12,Mercedes,77.253,78.17888888888889,0.5678286996082222,-0.6200000000000045,42.9271186440678,24.328248587570624,0.0,Mexico City Grand Prix,80.052,2025,50.58827160493828,26.405555555555555,0.0,1.0,1.0,0.0
14,Aston Martin,77.938,78.98814285714286,0.5756701507364945,-1.3050000000000068,42.9271186440678,24.328248587570624,0.0,Mexico City Grand Prix,80.052,2025,50.58827160493828,26.405555555555555,0.0,0.0,0.0,0.0
16,Ferrari,77.199,78.1285,0.5062020700414855,-0.5660000000000025,42.9271186440678,24.328248587570624,0.0,Mexico City Grand Prix,80.052,2025,50.58827160493828,26.405555555555555,0.0,1.0,1.0,0.0
22,Red Bull Racing,77.415,78.4809090909091,0.5854083973906903,-0.7820000000000107,42.9271186440678,24.328248587570624,0.0,Mexico City Grand Prix,80.052,2025,50.58827160493828,26.405555555555555,0.0,0.0,0.0,0.0
23,Williams,77.994,79.09390909090911,0.5775456620350774,-1.3610000000000042,42.9271186440678,24.328248587570624,0.0,Mexico City Grand Prix,80.052,2025,50.58827160493828,26.405555555555555,0.0,1.0,0.0,0.0
27,Kick Sauber,77.664,78.59055555555555,0.5963882238779085,-1.031000000000006,42.9271186440678,24.328248587570624,0.0,Mexico City Grand Prix,80.052,2025,50.58827160493828,26.405555555555555,0.0,0.0,0.0,0.0
31,Haas F1 Team,77.574,78.66430769230769,0.5772937373396645,-0.9410000000000025,42.9271186440678,24.328248587570624,0.0,Mexico City Grand Prix,80.052,2025,50.58827160493828,26.405555555555555,0.0,0.0,1.0,1.0
35,Aston Martin,80.371,81.08420000000001,0.7642665503605399,-3.7379999999999995,42.9271186440678,24.328248587570624,0.0,Mexico City Grand Prix,80.052,2025,50.58827160493828,26.405555555555555,0.0,,,0.0
36,Red Bull Racing,78.997,79.232,0.23499999999999943,-2.3640000000000043,42.9271186440678,24.328248587570624,0.0,Mexico City Grand Prix,80.052,2025,50.58827160493828,26.405555555555555,0.0,,,0.0
38,Ferrari,80.854,81.65683333333332,0.5330088856878678,-4.221000000000004,42.9271186440678,24.328248587570624,0.0,Mexico City Grand Prix,80.052,2025,50.58827160493828,26.405555555555555,0.0,,,0.0
40,Racing Bulls,80.153,80.83483333333334,0.6994060376888045,-3.5200000000000102,42.9271186440678,24.328248587570624,0.0,Mexico City Grand Prix,80.052,2025,50.58827160493828,26.405555555555555,0.0,,,0.0
43,Alpine,78.581,79.305,0.3792933621162567,-1.9480000000000075,42.9271186440678,24.328248587570624,0.0,Mexico City Grand Prix,80.052,2025,50.58827160493828,26.405555555555555,0.0,0.0,0.0,0.0
46,Williams,80.31,81.12166666666666,0.7169859753781017,-3.6770000000000067,42.9271186440678,24.328248587570624,0.0,Mexico City Grand Prix,80.052,2025,50.58827160493828,26.405555555555555,0.0,,,0.0
50,Haas F1 Team,80.073,80.82066666666667,0.8031580721681726,-3.4399999999999977,42.9271186440678,24.328248587570624,0.0,Mexico City Grand Prix,80.052,2025,50.58827160493828,26.405555555555555,0.0,,,0.0
61,Alpine,79.862,80.49666666666667,0.5878357669357053,-3.228999999999999,42.9271186440678,24.328248587570624,0.0,Mexico City Grand Prix,80.052,2025,50.58827160493828,26.405555555555555,0.0,,,0.0
72,Mercedes,79.689,80.78699999999999,0.822905016795178,-3.0559999999999974,42.9271186440678,24.328248587570624,0.0,Mexico City Grand Prix,80.052,2025,50.58827160493828,26.405555555555555,0.0,,,0.0
81,McLaren,77.232,78.43563636363636,0.5965559141251453,-0.5990000000000038,42.9271186440678,24.328248587570624,0.0,Mexico City Grand Prix,80.052,2025,50.58827160493828,26.405555555555555,0.0,0.0,1.0,0.0
89,McLaren,79.68,80.17766666666667,0.6806057759248171,-3.0470000000000113,42.9271186440678,24.328248587570624,0.0,Mexico City Grand Prix,80.052,2025,50.58827160493828,26.405555555555555,0.0,,,0.0
1,Red Bull Racing,77.242,78.0992,0.703147608969838,-0.6090000000000089,42.9271186440678,24.328248587570624,0.0,Mexico City Grand Prix,80.052,2025,50.58827160493828,26.405555555555555,0.0,1.0,1.0,1.0
4,McLaren,76.633,77.7072,0.5664501390237299,0.0,42.9271186440678,24.328248587570624,0.0,Mexico City Grand Prix,80.052,2025,50.58827160493828,26.405555555555555,0.0,1.0,1.0,1.0
10,Alpine,78.412,79.08475,0.44044402311757963,-1.7790000000000106,42.9271186440678,24.328248587570624,0.0,Mexico City Grand Prix,80.052,2025,50.58827160493828,26.405555555555555,0.0,1.0,0.0,1.0
18,Aston Martin,77.598,78.62909090909092,0.6189619542641122,-0.9650000000000034,42.9271186440678,24.328248587570624,0.0,Mexico City Grand Prix,80.052,2025,50.58827160493828,26.405555555555555,0.0,1.0,0.0,1.0
30,Racing Bulls,77.552,78.520875,0.5586218393287166,-0.9190000000000111,42.9271186440678,24.328248587570624,0.0,Mexico City Grand Prix,80.052,2025,50.58827160493828,26.405555555555555,0.0,0.0,0.0,0.0
44,Ferrari,76.978,78.02575,0.6306371282282709,-0.34499999999999886,42.9271186440678,24.328248587570624,0.0,Mexico City Grand Prix,80.052,2025,50.58827160493828,26.405555555555555,0.0,0.0,1.0,1.0
55,Williams,77.801,78.274,0.6183018218128936,-1.1680000000000064,42.9271186440678,24.328248587570624,0.0,Mexico City Grand Prix,80.052,2025,50.58827160493828,26.405555555555555,0.0,0.0,0.0,1.0
63,Mercedes,77.145,77.9057142857143,0.5654481697318183,-0.5120000000000005,42.9271186440678,24.328248587570624,0.0,Mexico City Grand Prix,80.052,2025,50.58827160493828,26.405555555555555,0.0,0.0,1.0,1.0
87,Haas F1 Team,78.046,78.82658333333333,0.5610239831969944,-1.413000000000011,42.9271186440678,24.328248587570624,0.0,Mexico City Grand Prix,80.052,2025,50.58827160493828,26.405555555555555,0.0,1.0,1.0,0.0
1,Red Bull Racing,71.368,71.99275,0.5877607400124634,-1.3930000000000007,41.99770114942528,20.310344827586203,0.0,So Paulo Grand Prix,72.4,2025,30.69276315789474,17.348026315789475,0.0,1.0,1.0,1.0
4,McLaren,69.975,70.62525,0.698464879217277,0.0,41.99770114942528,20.310344827586203,0.0,So Paulo Grand Prix,72.4,2025,30.69276315789474,17.348026315789475,0.0,1.0,1.0,1.0
5,Kick Sauber,70.616,71.58,0.7204979759397934,-0.6410000000000053,41.99770114942528,20.310344827586203,0.0,So Paulo Grand Prix,72.4,2025,30.69276315789474,17.348026315789475,0.0,0.0,0.0,0.0
6,Racing Bulls,70.707,71.51766666666667,0.6924934817182206,-0.7319999999999993,41.99770114942528,20.310344827586203,0.0,So Paulo Grand Prix,72.4,2025,30.69276315789474,17.348026315789475,0.0,0.0,1.0,1.0
10,Alpine,70.681,71.51557142857143,0.5858480683450912,-0.7060000000000031,41.99770114942528,20.310344827586203,0.0,So Paulo Grand Prix,72.4,2025,30.69276315789474,17.348026315789475,0.0,1.0,1.0,1.0
12,Mercedes,70.744,71.5058,0.6681435175170052,-0.7690000000000055,41.99770114942528,20.310344827586203,0.0,So Paulo Grand Prix,72.4,2025,30.69276315789474,17.348026315789475,0.0,1.0,1.0,0.0
14,Aston Martin,70.606,71.76316666666666,0.7513153835477852,-0.6310000000000002,41.99770114942528,20.310344827586203,0.0,So Paulo Grand Prix,72.4,2025,30.69276315789474,17.348026315789475,0.0,1.0,0.0,1.0
16,Ferrari,71.493,72.04416666666667,0.4854415229687536,-1.5180000000000007,41.99770114942528,20.310344827586203,0.0,So Paulo Grand Prix,72.4,2025,30.69276315789474,17.348026315789475,0.0,0.0,0.0,1.0
18,Aston Martin,71.07,71.74442857142857,0.6271098917466825,-1.0949999999999989,41.99770114942528,20.310344827586203,0.0,So Paulo Grand Prix,72.4,2025,30.69276315789474,17.348026315789475,0.0,0.0,0.0,0.0
22,Red Bull Racing,71.763,71.83433333333333,0.06974875546480137,-1.788000000000011,41.99770114942528,20.310344827586203,0.0,So Paulo Grand Prix,72.4,2025,30.69276315789474,17.348026315789475,0.0,0.0,0.0,0.0
23,Williams,70.807,71.61666666666667,0.6474683175432003,-0.8320000000000078,41.99770114942528,20.310344827586203,0.0,So Paulo Grand Prix,72.4,2025,30.69276315789474,17.348026315789475,0.0,1.0,0.0,0.0
27,Kick Sauber,70.594,71.63916666666667,0.6984870355911363,-0.6189999999999998,41.99770114942528,20.310344827586203,0.0,So Paulo Grand Prix,72.4,2025,30.69276315789474,17.348026315789475,0.0,1.0,1.0,1.0
30,Racing Bulls,70.794,71.33125,0.542576895471969,-0.8190000000000026,41.99770114942528,20.310344827586203,0.0,So Paulo Grand Prix,72.4,2025,30.69276315789474,17.348026315789475,0.0,1.0,1.0,0.0
31,Haas F1 Team,70.906,71.85733333333334,0.6641223950113049,-0.9310000000000116,41.99770114942528,20.310344827586203,0.0,So Paulo Grand Prix,72.4,2025,30.69276315789474,17.348026315789475,0.0,0.0,0.0,1.0
43,Alpine,71.16,72.24371428571429,0.6518443535265847,-1.1850000000000023,41.99770114942528,20.310344827586203,0.0,So Paulo Grand Prix,72.4,2025,30.69276315789474,17.348026315789475,0.0,0.0,0.0,0.0
44,Ferrari,71.526,72.08287499999999,0.5487992432347211,-1.551000000000002,41.99770114942528,20.310344827586203,0.0,So Paulo Grand Prix,72.4,2025,30.69276315789474,17.348026315789475,0.0,1.0,0.0,0.0
55,Williams,70.686,71.36785714285713,0.5705955356521135,-0.7110000000000127,41.99770114942528,20.310344827586203,0.0,So Paulo Grand Prix,72.4,2025,30.69276315789474,17.348026315789475,0.0,0.0,0.0,1.0
63,Mercedes,70.645,71.23039999999999,0.433148750431076,-0.6700000000000017,41.99770114942528,20.310344827586203,0.0,So Paulo Grand Prix,72.4,2025,30.69276315789474,17.348026315789475,0.0,0.0,1.0,1.0
81,McLaren,69.998,70.83566666666667,0.7604138493098496,-0.023000000000010346,41.99770114942528,20.310344827586203,0.0,So Paulo Grand Prix,72.4,2025,30.69276315789474,17.348026315789475,0.0,0.0,1.0,0.0
87,Haas F1 Team,70.961,71.822,0.7290097393039383,-0.9860000000000042,41.99770114942528,20.310344827586203,0.0,So Paulo Grand Prix,72.4,2025,30.69276315789474,17.348026315789475,0.0,1.0,1.0,0.0
